tract,hh_inc,less_than_hs,hs,some_college,college_grad,grad_school,ed_attain,sing_par,own_occ,oth_lang,performance_score,numb_school_child,hh_inc_comp,ed_attain_comp,sing_par_comp,own_occ_comp,oth_lang_comp,performance_score_comp,combined_score,tier
101,67778,378,586,840,961,592,65,64,23,24,46.33,899,61,72,22,8,59,32,42,2
102.01,44722,863,1068,1066,837,492,56,37,38,38,46.98,1348,28,51,48,37,46,35,41,2
102.02,53333,380,367,501,415,239,58,39,29,51,46.48,475,44,56,46,14,35,33,38,2
103,65364,523,1238,1075,909,912,62,21,35,29,46.48,929,59,67,77,30,54,33,53,3
104,58482,76,241,542,1059,703,76,38,26,15,49.15,413,50,85,48,10,69,46,51,3
105.01,51500,117,495,710,913,682,71,26,21,35,48.37,682,40,79,68,6,50,43,48,2
105.02,43258,103,196,539,647,402,71,55,23,28,49.91,442,24,80,28,7,55,50,41,2
105.03,55300,228,305,290,230,264,60,47,17,38,49.83,155,46,63,36,2,46,50,40,2
106,78214,345,615,1037,1388,937,69,18,33,34,49.25,1005,69,78,81,27,50,47,58,3
107.01,66691,340,624,451,665,541,63,34,47,44,52.81,795,60,70,53,59,41,61,57,3
107.02,47439,761,469,567,908,609,61,34,31,57,48.28,1095,34,64,53,20,31,43,41,2
201,62885,458,556,520,841,304,60,11,47,51,56.26,767,56,62,91,59,35,70,62,3
202,78594,654,575,1069,1201,1036,66,14,76,47,57.54,1245,69,73,87,91,38,74,72,4
203.01,74213,325,536,532,1169,656,68,14,78,43,57.57,985,67,76,88,92,42,75,73,4
203.02,91786,267,573,579,1006,596,67,22,59,36,56.04,807,74,75,76,77,48,69,70,4
204,73587,433,621,432,813,618,64,27,52,46,56.26,794,66,71,65,68,39,70,63,3
205,46051,1129,931,657,922,438,53,34,31,70,54.79,1145,31,44,53,21,21,66,39,2
206.01,51250,664,934,714,960,747,61,27,40,65,56.14,1334,39,65,67,45,25,70,52,3
206.02,52275,450,604,636,746,514,62,33,46,60,53.57,816,41,67,56,58,28,62,52,3
207.01,109314,79,232,312,306,297,68,19,65,38,63.4,287,82,76,79,83,46,88,76,4
207.02,50395,855,1149,1080,1114,394,56,24,40,72,54.92,1257,37,52,72,43,19,66,48,3
208.01,60610,920,771,874,650,508,55,31,43,57,63.4,943,53,49,59,50,30,88,55,3
208.02,51830,738,1236,944,954,448,56,40,35,68,52.02,1305,41,53,46,31,22,58,42,2
209.01,44631,615,833,774,826,495,59,30,37,70,54.67,1048,28,60,61,36,20,65,45,2
209.02,40183,671,907,669,533,233,52,29,57,64,54.17,652,22,40,64,76,25,64,48,3
301.01,63846,189,654,579,896,571,67,38,38,46,54.73,481,57,74,47,39,39,65,54,3
301.02,67500,64,238,663,910,419,72,24,43,33,54.73,385,61,81,72,52,51,65,64,3
301.03,61429,45,73,295,514,395,77,31,29,33,54.73,150,54,86,59,16,51,65,55,3
301.04,74375,172,250,386,535,394,68,64,35,43,54.73,125,67,76,21,30,41,65,50,3
302,111797,255,320,794,1016,1157,74,15,51,14,54.97,838,82,83,85,67,70,66,76,4
303,45000,349,690,464,609,238,57,34,33,58,54.17,579,29,56,54,25,30,64,43,2
304,62381,212,174,397,702,447,70,44,42,43,56.23,483,55,79,38,48,42,70,55,3
305,96218,565,654,709,1350,1219,69,32,40,31,55.91,1046,76,77,58,44,53,69,63,3
306.01,45429,471,574,448,739,605,63,39,37,54,54.73,498,29,70,46,35,33,65,46,2
306.03,43578,76,418,316,400,361,67,53,12,44,54.73,357,25,75,29,1,40,65,39,2
306.04,61550,123,253,698,743,493,71,3,29,44,54.73,345,54,79,97,14,41,65,59,3
307.01,60625,162,193,297,382,203,64,46,22,38,55.12,221,53,71,37,7,46,67,47,2
307.02,100000,34,83,192,519,302,77,0,60,42,55.12,167,78,86,100,79,43,67,75,4
307.03,54688,359,164,648,732,523,67,55,31,30,55.12,417,45,75,28,20,53,67,48,3
307.06,56167,262,480,347,906,517,67,0,36,39,55.12,396,47,75,100,33,45,67,61,3
308,124792,253,450,203,1129,1412,77,5,43,19,56.23,708,85,87,97,52,64,70,76,4
309,131024,177,205,429,829,596,73,9,43,35,60.35,545,87,82,92,52,49,84,74,4
310,93906,131,293,397,879,723,75,25,39,34,56.77,593,75,84,70,42,50,72,65,3
311,105445,344,363,511,1341,577,69,28,30,29,56.35,706,80,78,65,18,55,71,61,3
312,46476,868,911,634,1450,633,60,44,23,48,55.74,859,31,63,38,7,37,68,41,2
313,52400,480,794,1134,1467,997,67,47,37,43,55.93,1016,42,75,36,36,41,69,50,3
314,117257,182,199,555,1590,1380,79,0,59,18,59.55,569,83,89,100,77,65,79,82,4
315.01,29400,587,611,622,705,403,58,36,19,53,59.55,600,5,58,49,4,33,79,38,2
315.02,39269,394,737,855,1087,386,62,61,19,44,59.55,812,21,67,23,4,40,79,39,2
317,100100,318,1075,999,1647,1000,68,47,36,26,48.61,1155,78,76,35,32,58,44,54,3
318,122222,56,120,222,555,385,76,0,42,18,61.69,370,84,85,100,49,65,86,78,4
319,129851,113,176,156,717,368,74,23,39,20,63.34,400,86,83,74,41,63,88,72,4
321,96149,271,811,1157,2197,1185,71,31,28,44,59.55,1078,76,81,59,12,40,79,58,3
401,114489,230,281,457,905,641,72,15,44,27,63.16,664,83,81,86,54,56,87,75,4
402.01,84474,411,458,920,1732,722,69,23,39,40,64.52,1114,72,77,75,39,44,89,66,3
402.02,52579,556,1330,1151,1350,685,61,31,38,59,63.81,1242,43,65,60,38,29,88,54,3
403,101635,208,293,476,626,479,68,59,60,50,64,501,78,77,25,79,36,88,64,3
404.01,114511,125,226,224,823,530,75,10,49,30,61.82,577,83,84,92,63,53,86,77,4
404.02,138529,62,335,401,1251,1135,79,17,34,19,57.55,914,88,89,83,29,65,74,71,4
406,105263,42,116,160,768,528,80,10,28,22,59.11,452,80,90,91,13,61,78,69,4
407,108160,159,135,375,1030,517,75,22,43,20,67.08,606,81,84,75,52,63,91,74,4
408,108796,107,96,211,390,316,73,24,42,16,67.08,257,81,82,72,48,67,91,74,4
409,138462,34,40,198,676,457,81,10,32,11,62.05,367,87,91,91,21,74,86,75,4
501,148134,111,63,179,545,479,78,15,36,13,69.26,413,90,87,84,32,72,94,77,4
502,144800,200,348,542,1368,739,73,15,45,14,72.18,1031,89,82,86,56,69,97,80,4
503,103500,163,171,318,656,406,71,18,50,30,70.03,513,79,80,81,65,54,95,75,4
505,168043,133,183,324,1554,1122,80,9,46,9,70.11,1069,94,90,92,57,77,95,84,4
506,176481,0,107,163,781,462,81,3,51,8,71.7,441,96,91,97,66,78,96,88,4
507,162745,27,50,88,364,360,82,9,63,3,72.91,279,93,94,93,82,90,98,91,4
508,206140,13,54,99,372,244,80,13,48,17,71.13,298,100,90,88,60,67,96,83,4
509,123162,38,75,205,387,250,75,24,39,22,70.6,302,85,85,72,40,62,95,73,4
510,156250,81,75,149,443,316,76,23,48,21,71.13,365,92,85,74,62,63,96,79,4
511,176645,62,54,101,437,386,80,6,45,18,71.13,377,96,90,96,56,66,96,83,4
512,162500,42,13,109,529,342,82,21,41,5,66.87,330,93,92,77,47,84,91,81,4
513,171134,15,108,173,792,629,82,13,66,9,61.91,697,95,94,88,84,77,86,87,4
514,152885,49,112,190,658,345,77,20,51,19,61.66,433,90,86,78,68,64,86,79,4
601,142092,67,103,231,699,580,79,30,50,13,68.36,535,88,89,61,65,71,93,78,4
602,131250,90,113,191,694,421,76,27,33,25,63.34,398,87,86,66,24,58,88,68,4
603,174740,29,131,253,998,621,80,9,48,7,73.84,603,96,90,93,61,82,99,87,4
604,180870,24,125,143,1083,728,83,14,42,7,73.11,722,98,94,87,49,80,98,84,4
605,142578,157,170,118,245,201,64,42,26,26,73.03,228,88,70,41,10,57,98,61,3
608,113750,23,169,494,1766,1175,82,23,53,23,59.8,648,83,92,73,69,61,80,76,4
609,83929,175,366,944,2221,1498,77,0,43,29,62.17,937,71,86,100,50,55,87,75,4
610,141429,0,53,112,672,402,83,0,35,17,60.97,261,88,95,100,30,67,85,77,4
611,142969,5,36,93,590,359,83,0,35,13,70.76,226,88,95,100,31,72,95,80,4
612,147011,11,36,133,781,432,83,9,34,6,73.03,331,90,95,93,28,83,98,81,4
615,151316,29,36,176,608,348,80,0,34,10,73.97,298,90,90,100,28,77,99,81,4
618,109211,5,20,138,379,203,80,16,22,19,67.39,128,81,90,84,6,65,92,70,4
619.01,112682,30,135,226,1173,1023,83,10,32,29,67.39,538,82,96,91,22,55,92,73,4
619.02,106707,30,351,520,1354,995,78,11,34,22,67.39,571,80,87,90,29,61,92,73,4
620,156250,1,93,127,925,428,81,11,30,13,67.39,349,92,91,91,17,72,92,76,4
621,122984,65,112,271,1202,568,79,4,30,15,67.39,457,85,88,97,17,67,92,74,4
622,167344,21,98,104,907,541,82,0,45,7,67.39,448,94,94,100,56,80,92,86,4
623,230723,5,12,64,498,428,86,8,40,8,73.91,309,100,99,94,45,80,99,86,4
624,163000,36,54,75,465,391,82,15,45,12,73.37,292,93,93,86,57,73,99,84,4
625,168519,5,22,105,513,431,85,16,47,7,73.59,290,95,98,84,60,82,99,86,4
626,182451,27,18,117,688,572,85,9,59,17,71.98,564,98,98,93,77,67,97,88,4
627,186894,49,51,179,697,566,82,3,42,11,71.86,405,99,92,97,48,75,96,85,4
628,181363,34,76,221,1286,822,83,6,42,13,71.22,660,98,95,96,50,71,96,84,4
629,172890,14,70,290,1356,855,83,24,40,7,71.91,680,95,95,71,44,82,96,81,4
630,182031,25,66,191,1016,722,83,29,30,17,74.4,464,98,95,64,18,66,99,74,4
631,142029,18,87,148,683,552,82,16,31,14,67.39,364,88,94,84,19,70,92,75,4
632,141781,92,200,639,1887,1659,82,0,32,13,67.39,838,88,92,100,22,72,92,78,4
633.01,121795,49,99,291,716,482,78,0,18,19,67.39,347,84,87,100,3,64,92,72,4
633.02,129508,0,94,236,1409,1153,85,0,35,22,67.39,612,86,98,100,32,62,92,78,4
633.03,145000,15,73,107,310,275,79,0,56,15,67.39,95,89,89,100,73,68,92,85,4
634,163214,10,31,143,769,447,83,5,32,14,72.86,320,93,95,96,22,70,98,79,4
701.01,119737,17,149,245,1268,1111,84,27,41,23,74.01,504,84,96,67,47,60,99,75,4
701.02,218145,29,56,261,835,578,81,0,31,21,75.99,353,100,91,100,18,62,100,79,4
701.03,66389,25,15,191,618,397,82,0,17,11,73.3,276,59,92,100,2,74,98,71,4
702,172549,38,152,279,1053,995,82,18,35,12,75.53,529,95,94,81,29,74,100,79,4
703,177708,32,25,158,1439,827,84,15,46,7,75.09,586,97,97,85,57,81,100,86,4
704,176987,166,211,156,889,800,78,12,40,10,70.22,508,97,87,90,46,76,95,82,4
705,189914,103,274,142,798,704,77,20,47,8,68.76,475,99,86,78,59,79,93,82,4
706,175050,8,26,117,1035,935,87,10,65,11,66.4,667,96,100,92,83,75,90,89,4
707,190000,77,213,230,1083,700,78,20,55,17,65.12,777,99,88,78,73,66,89,82,4
710,179528,7,105,109,1269,607,83,9,43,16,69.53,378,97,94,93,50,67,94,83,4
711,220750,0,28,80,932,464,84,4,39,11,69.53,268,100,97,97,40,74,94,84,4
712,144097,14,89,129,607,335,80,17,46,9,72.41,278,89,89,83,57,77,98,82,4
713,178303,0,0,135,1185,1219,89,5,48,14,72.41,617,97,100,97,62,70,98,87,4
714,164250,88,209,337,1393,1271,82,19,36,16,72.41,598,94,92,79,34,67,98,77,4
715,170930,14,181,214,2003,1499,85,10,40,15,72.41,862,95,97,91,43,68,98,82,4
716,180625,19,80,129,395,455,82,9,57,15,72.41,332,97,94,93,75,68,98,88,4
717,176389,4,74,143,506,392,82,13,57,17,72.41,295,96,92,89,75,66,98,86,4
718,193452,54,125,136,835,628,81,17,55,20,72.13,498,99,91,82,73,63,97,84,4
801,166250,98,105,595,1979,1710,83,41,52,13,60.31,679,94,95,44,69,72,84,76,4
802.01,144612,16,110,436,1159,937,82,0,66,10,59.82,346,89,92,100,84,76,82,87,4
802.02,159511,31,57,193,1237,1247,86,0,58,11,58.82,489,93,99,100,77,74,78,87,4
803,160294,123,82,221,1670,1478,84,35,53,11,39.85,898,93,96,51,71,74,5,65,3
804,58281,278,368,818,1088,554,68,81,32,7,40.39,1164,49,76,9,24,81,7,41,2
810,134375,348,527,798,1815,1299,73,32,20,24,59.82,752,87,82,57,5,59,82,62,3
811,94063,95,83,695,1168,852,78,74,28,19,59.82,466,75,87,14,12,64,82,56,3
812.01,192287,0,67,427,1502,1250,84,42,50,27,59.82,440,99,97,41,65,57,82,73,4
812.02,179216,23,104,435,946,977,82,12,72,19,59.82,321,97,94,90,88,65,82,86,4
813,143125,29,175,666,1524,2211,85,0,63,24,59.82,546,89,98,100,82,59,82,85,4
814.01,201966,35,88,306,510,664,81,0,50,19,59.82,246,99,91,100,65,64,82,84,4
814.02,177051,40,59,478,1336,1725,86,4,49,37,59.82,706,97,99,97,63,47,82,81,4
814.03,180927,0,269,436,2236,2759,86,55,40,22,59.82,1150,98,99,28,45,62,82,69,4
815,176314,46,263,200,1494,1911,85,8,47,24,59.82,746,96,99,94,60,60,82,82,4
816,164006,20,107,307,1195,1228,85,21,37,19,59.82,547,94,97,77,35,64,82,75,4
817,129095,61,82,267,1511,1379,85,0,43,22,59.82,672,86,98,100,53,61,82,80,4
818,190127,0,274,500,3538,2454,84,8,60,11,59.82,1515,99,96,94,79,75,82,87,4
819,172581,29,218,145,410,277,73,74,55,9,59.82,273,95,82,14,73,78,82,71,4
901,120703,166,478,672,767,321,65,12,85,19,70.37,584,84,72,90,96,64,95,84,4
902,146809,155,850,1051,1165,1158,71,8,71,12,70.31,968,90,79,94,87,73,95,86,4
903,118889,30,193,193,300,154,68,13,85,14,70.23,234,84,76,88,96,69,95,85,4
1001,92576,271,948,988,1052,426,62,27,63,33,60.44,874,74,68,66,81,51,84,71,4
1002,107938,284,1494,1264,1011,598,61,24,74,22,61.06,1056,81,64,71,89,62,85,75,4
1003,126281,235,1160,1180,1106,723,64,14,68,24,67.07,728,86,71,86,86,60,91,80,4
1004,108073,172,426,605,600,307,64,8,93,14,65.66,540,81,71,94,100,69,89,84,4
1005,109307,381,885,1147,1021,549,62,7,88,40,67.39,908,82,69,95,98,44,93,80,4
1006,89318,226,854,888,906,303,61,19,81,33,63.32,714,73,66,79,94,51,87,75,4
1007,97589,239,912,920,872,492,63,6,92,35,63.01,733,77,69,96,99,49,87,80,4
1101,95913,326,677,1191,878,513,63,19,63,32,58.99,808,76,70,78,82,52,78,73,4
1102,94597,229,591,506,288,275,58,23,51,47,59.2,454,75,57,75,66,37,78,65,3
1103,94844,417,934,1183,799,291,58,34,84,46,60.19,783,75,57,54,96,39,83,67,4
1104,72645,269,797,758,731,508,63,32,58,54,56.87,695,66,69,58,77,33,72,62,3
1105.01,97938,350,746,731,893,450,62,15,66,45,58.67,748,77,68,86,84,40,77,72,4
1105.02,90139,235,633,541,623,187,59,17,53,49,58.67,530,73,61,82,72,36,77,67,3
1201,152384,98,430,552,973,730,73,12,93,15,72.95,688,90,82,90,100,68,98,88,4
1202,139583,163,442,653,860,883,72,18,85,33,72.85,726,88,82,81,96,51,98,82,4
1203,155918,197,617,718,1596,1310,74,17,88,35,74.96,967,92,84,82,97,49,100,84,4
1204,89565,320,454,661,569,352,62,16,76,46,58.88,598,73,66,83,91,39,78,72,4
1301,84274,352,799,648,1053,589,64,14,59,52,65.88,591,71,71,86,78,34,89,72,4
1302,109239,71,120,249,346,232,71,24,78,39,73.21,219,81,80,72,92,45,98,78,4
1303,71538,607,594,804,966,445,60,25,47,61,52.59,832,65,63,71,60,27,60,58,3
1401,52642,522,331,449,527,277,57,20,24,63,52.17,671,43,56,78,8,26,59,45,2
1402,46091,935,963,614,699,405,53,54,28,64,50.28,874,31,43,29,14,25,52,32,1
1403.01,51474,762,380,262,436,127,48,41,32,85,45.4,629,40,29,44,22,7,27,28,1
1403.02,82581,536,700,495,550,551,59,41,43,56,45.4,722,70,61,44,52,31,27,48,2
1404,92644,768,1074,889,1170,676,60,23,63,55,59.94,1165,74,62,73,81,32,82,68,4
1405,70968,333,747,613,569,257,57,32,48,60,50.62,743,64,56,59,61,28,53,54,3
1406.01,56400,585,458,468,277,110,48,31,41,75,47.39,526,47,30,61,46,17,38,40,2
1406.02,49831,699,1055,742,713,287,53,40,29,67,47.18,1155,37,45,45,15,23,37,34,2
1407.01,64853,366,455,441,442,211,57,30,31,68,49.24,588,58,54,62,19,23,47,44,2
1407.02,61192,1176,1077,600,889,355,51,35,33,72,49.1,1365,54,38,52,26,18,46,39,2
1408,93793,576,938,779,1630,912,66,6,45,47,57.91,1444,75,73,96,55,38,76,69,4
1502,89449,584,1098,1488,1391,671,62,13,46,42,57.6,1309,73,67,89,58,43,75,67,4
1503,95045,447,1426,852,1052,959,63,23,56,44,57.19,1156,76,69,73,74,41,73,68,4
1504.01,81324,367,1099,885,679,419,58,24,58,57,56.49,801,70,58,72,77,31,71,63,3
1504.02,81929,233,848,702,589,213,58,21,64,57,57.86,625,70,57,77,83,31,75,65,3
1505.01,77069,236,739,830,488,277,59,7,75,45,57.97,549,68,60,95,89,40,76,71,4
1505.02,68385,330,750,980,665,304,59,18,59,53,58.12,731,61,61,81,78,33,76,65,3
1506,79257,272,953,827,502,169,55,14,62,51,56.17,633,69,50,88,80,35,70,65,3
1507,77927,466,895,899,511,369,56,42,62,58,56.99,830,68,54,42,80,30,73,58,3
1508,65427,847,827,826,566,366,53,19,51,59,56.97,964,59,43,79,65,29,72,58,3
1510.01,70926,351,550,523,315,108,52,33,48,70,52.69,477,64,42,56,61,21,61,51,3
1510.02,62976,788,863,816,483,108,49,30,43,76,49.27,836,57,31,63,51,16,47,44,2
1511,62101,882,1099,970,573,249,51,34,44,74,51.79,940,55,37,54,54,17,58,46,2
1512,79709,369,1043,678,475,172,53,21,68,76,51.96,605,69,43,77,85,16,58,58,3
1601,85139,180,372,456,452,271,63,24,60,43,60.83,434,72,70,71,79,42,85,70,4
1602,111824,142,416,642,542,604,69,17,57,33,63.34,644,82,78,82,76,50,87,76,4
1603,70778,186,500,717,817,453,66,15,38,41,63.44,583,64,74,85,37,43,88,65,3
1604,69911,521,683,723,857,537,61,27,45,44,51.03,888,64,65,66,57,41,55,58,3
1605.01,59813,615,608,614,715,319,57,28,43,64,50.79,861,52,54,65,52,25,54,50,3
1605.02,62308,414,789,512,450,226,54,47,45,68,50.55,712,55,48,36,54,23,53,45,2
1606.01,83947,298,319,550,659,403,65,35,44,46,51.68,690,71,72,52,54,40,57,58,3
1606.02,71466,317,436,633,716,311,62,23,45,55,51.68,673,65,68,73,55,33,57,58,3
1607,100214,687,888,980,1163,636,61,10,47,52,53.38,1109,78,64,92,60,34,62,65,3
1608,71500,531,697,881,762,248,57,17,42,60,51.35,850,65,55,82,49,29,55,56,3
1609,101856,59,319,388,523,359,70,31,53,30,49.26,391,78,79,59,72,54,47,65,3
1610,122159,67,182,311,435,252,70,21,48,32,58.63,325,84,79,76,61,52,77,71,4
1611,127500,72,149,224,476,337,74,14,60,25,61.74,384,86,83,87,79,58,86,80,4
1612,65109,413,558,331,404,108,52,20,57,65,53.47,525,58,40,78,76,25,62,56,3
1613,54242,533,807,652,456,187,52,41,33,59,52.9,683,45,41,43,26,29,61,41,2
1701,72500,162,357,402,173,151,57,0,82,41,59.37,145,66,55,100,94,43,78,73,4
1702,73792,313,795,866,448,269,57,15,77,46,58.12,616,67,55,85,92,39,76,69,4
1703,79149,444,1221,835,752,440,57,33,72,63,59.37,813,69,56,54,87,26,78,62,3
1704,74929,320,824,828,580,187,56,34,77,56,57.3,536,67,53,54,92,32,73,62,3
1705,96795,223,1130,1203,703,253,58,25,77,44,66.92,735,77,57,71,91,41,91,71,4
1706,86667,137,687,651,292,119,55,17,83,36,67.15,374,72,51,82,95,49,91,73,4
1707,84018,189,649,573,469,135,57,14,76,51,60.86,430,71,56,87,91,35,85,71,4
1708,71474,308,1033,676,360,205,53,30,75,62,55.57,572,65,45,61,89,27,68,59,3
1709,82143,200,437,284,157,129,53,15,74,55,55.57,308,70,43,86,89,32,68,65,3
1710,84103,741,1528,1652,660,539,55,18,76,53,57.14,1156,71,50,80,90,33,73,66,3
1711,85208,272,790,822,615,245,58,32,70,63,58.06,619,72,59,58,86,27,76,63,3
1801,62926,579,1405,1475,437,368,53,39,71,67,48.31,988,56,46,46,87,24,43,50,3
1901,45119,493,481,345,139,70,44,42,32,80,47.12,459,29,19,40,21,14,36,26,1
1902,62583,1254,1044,768,470,210,46,38,52,82,47.13,1101,56,23,48,68,10,36,40,2
1903,68577,1181,1257,948,508,151,46,35,47,81,45.33,933,62,23,51,59,12,26,39,2
1904.01,66875,525,994,744,459,178,52,29,66,77,61.32,760,60,40,64,84,15,86,58,3
1904.02,59154,906,1190,921,433,164,48,50,53,82,52.87,1017,51,29,32,71,9,61,42,2
1906.01,49013,642,1041,739,181,151,47,48,52,80,56.81,908,36,25,35,68,13,72,41,2
1906.02,59612,1327,1206,712,392,118,43,56,60,80,51.31,1133,51,14,27,79,13,55,40,2
1907.01,43049,712,605,333,135,48,40,44,42,87,44.12,591,24,9,38,48,5,20,24,1
1907.02,46855,1347,954,506,221,107,40,42,36,85,47.6,1074,32,6,41,34,7,39,26,1
1908,51300,1549,1365,765,370,269,44,29,43,80,46.21,1343,39,16,63,51,14,31,36,2
1909,59886,460,592,270,110,26,41,25,46,81,46.39,413,52,12,70,58,13,33,40,2
1910,61071,612,528,420,144,22,42,35,54,82,46.76,510,53,12,51,72,11,34,39,2
1911,49019,1555,1703,1167,308,145,43,36,42,81,47.77,1607,36,14,50,48,12,40,33,2
1912,48977,1165,650,509,92,52,37,45,39,92,52.26,914,36,3,37,41,1,59,30,1
1913.01,61786,1307,1038,600,363,37,41,64,46,84,49.8,1067,55,10,21,58,7,49,33,2
1913.02,52535,1319,1002,669,211,69,40,35,48,85,47.1,1098,42,8,52,62,7,36,34,2
2001,57297,649,860,634,484,255,52,32,51,73,49.64,846,48,41,58,67,18,48,47,2
2002,54639,1104,1180,894,255,204,45,47,36,76,45.29,1085,45,21,36,32,16,26,29,1
2003,46042,555,422,322,91,50,41,38,38,85,42.29,463,31,11,48,38,6,14,25,1
2004.01,44112,1045,454,379,174,63,39,34,41,83,43.31,741,26,5,53,46,8,18,26,1
2004.02,61061,1149,456,752,385,167,46,41,39,86,41.22,925,53,23,43,40,6,9,29,1
2101,81641,408,428,488,935,461,65,29,50,40,58.24,792,70,72,64,64,44,76,65,3
2104,53875,586,584,494,326,91,48,50,39,64,50.2,569,44,30,31,41,26,51,37,2
2105.01,50972,824,500,752,474,254,52,46,30,68,48.14,790,38,40,37,17,23,42,33,1
2105.02,59695,687,861,763,541,304,53,37,34,61,48.18,988,52,44,49,28,28,42,40,2
2106.01,71824,543,423,418,623,172,55,19,40,68,46.32,617,66,49,80,43,23,32,49,3
2106.02,61111,585,710,697,618,480,58,31,34,55,45.35,934,54,58,61,27,32,27,43,2
2107,69907,562,707,517,735,402,58,18,38,42,50.94,794,63,58,81,37,43,54,56,3
2108,72250,121,196,155,207,179,63,50,35,55,58.47,239,66,69,31,31,32,77,51,3
2109,77159,199,451,350,899,255,65,44,48,37,58.8,603,68,73,38,61,46,77,61,3
2203,111607,136,155,247,612,351,72,16,39,23,57.51,408,82,81,84,41,60,74,70,4
2204,108750,170,225,243,675,404,71,12,36,28,59.08,415,81,80,89,33,56,78,70,4
2205,107639,71,286,215,932,498,75,23,36,17,50.95,473,80,84,74,33,66,54,65,3
2206.01,68500,106,207,253,389,259,68,37,33,37,48.61,294,61,76,49,27,47,44,51,3
2206.02,48673,295,693,730,1258,633,67,64,26,32,46.34,892,35,74,22,10,51,32,38,2
2207.01,67258,215,844,375,555,326,59,46,38,58,46.67,730,61,61,37,39,29,34,44,2
2207.02,66290,599,569,516,704,285,56,39,31,51,46.92,800,59,54,46,21,35,35,42,2
2209.01,48274,581,564,512,381,180,51,48,33,51,42.36,713,34,38,34,24,35,14,30,1
2209.02,57070,458,791,496,339,194,51,43,36,62,46.25,735,48,39,39,34,27,31,36,2
2210,39583,294,477,440,511,233,59,49,34,36,45.72,653,21,61,33,28,48,29,37,2
2211,55455,553,834,652,1084,490,61,43,33,48,47.56,923,46,64,39,25,37,39,41,2
2212,104032,94,380,259,764,512,72,34,40,28,49.94,549,79,81,54,43,56,50,61,3
2213,63333,348,351,455,722,461,65,13,28,37,50.62,619,57,73,88,13,47,53,55,3
2214,103879,205,323,408,910,461,70,19,40,34,54.1,559,79,78,79,44,50,63,66,3
2215,95909,173,409,386,791,326,67,5,25,32,53.67,458,76,74,96,9,52,63,62,3
2216,174833,13,170,235,911,722,81,13,40,11,65.95,611,96,91,89,45,74,90,81,4
2222,179622,24,64,147,623,476,82,5,57,15,65.95,477,97,93,96,75,68,90,87,4
2225,75250,114,277,175,330,153,62,43,38,41,45.92,286,68,69,39,38,43,29,48,2
2226,84167,122,169,257,512,201,68,11,31,24,45.87,351,71,76,91,21,60,29,58,3
2227,64079,192,455,224,362,187,59,38,33,49,44.72,439,57,60,47,25,36,24,42,2
2228,42368,105,237,105,157,75,56,53,24,57,42.97,233,24,53,30,8,30,16,27,1
2229,51154,177,296,243,85,56,49,56,43,51,40.22,267,39,34,27,50,35,6,32,1
2301,44063,148,249,243,279,139,60,51,32,38,45.87,313,26,63,31,22,46,29,36,2
2302,60227,435,371,309,174,79,47,46,33,57,44.62,456,53,25,37,26,31,23,33,1
2303,43438,184,247,169,72,25,46,26,31,78,44.62,226,25,23,67,18,15,23,29,1
2304,54048,527,443,446,249,137,49,57,47,81,44.62,615,44,33,27,60,12,23,33,1
2305,35636,1223,509,368,201,27,37,57,26,80,44.58,731,14,3,27,11,13,23,15,1
2306,44605,1209,1318,1099,321,138,45,42,29,68,43.07,1376,27,19,42,16,22,16,24,1
2307,43427,1394,1289,888,304,179,43,25,37,71,46.35,1323,25,15,70,35,20,33,33,1
2308,60208,288,248,222,58,48,44,35,52,80,49.21,268,53,19,51,68,13,47,42,2
2309,52653,740,844,901,768,319,55,49,31,52,49.85,1106,43,49,32,21,34,50,38,2
2311,54615,186,283,225,88,38,48,54,43,37,48.63,247,45,30,29,51,47,44,41,2
2312,38070,1312,1010,1043,315,223,45,57,34,37,46.23,1302,19,21,27,27,47,31,29,1
2315,36484,1073,1090,1484,284,176,47,66,32,13,44.53,1104,16,27,21,23,72,23,30,1
2402,184821,47,129,80,485,244,75,8,52,20,66.26,289,98,84,94,68,63,90,83,4
2403,163306,18,48,61,413,300,82,20,41,10,66.26,217,94,94,78,47,76,90,80,4
2405,177076,0,29,71,847,722,87,21,64,10,63.87,482,97,100,77,82,76,88,87,4
2406,168103,42,191,113,427,314,74,32,53,30,47.81,338,95,83,57,69,54,40,66,3
2407,92750,139,222,170,348,250,66,53,32,32,47.81,369,74,74,30,23,52,40,49,3
2408,58846,179,237,260,343,196,62,53,30,39,47.81,303,50,68,30,17,45,40,42,2
2409,40060,152,139,185,129,128,58,51,25,60,52.5,203,21,60,31,9,28,60,35,2
2410,62826,285,212,292,465,217,62,77,27,37,45.45,388,56,66,12,12,47,28,37,2
2411,74722,70,367,565,1216,398,72,65,31,18,44.18,725,67,81,21,19,65,21,46,2
2412,156250,130,78,173,521,308,73,28,34,30,44.18,296,92,82,65,28,54,21,57,3
2413,175893,46,117,140,473,436,79,33,38,12,54.34,293,96,88,56,37,73,64,69,4
2414,151500,225,128,419,1623,807,77,33,33,15,54.34,862,90,86,56,25,68,64,65,3
2415,153261,99,46,252,1010,711,81,35,38,15,59.4,580,91,91,52,38,67,79,70,4
2416,112500,234,166,377,1326,656,75,31,31,25,55.33,676,82,84,60,18,58,67,62,3
2420,113443,442,230,550,1750,732,71,19,29,24,51.35,851,83,80,79,16,59,55,62,3
2421,145500,100,159,198,1231,812,80,15,45,17,54.47,716,89,90,86,55,66,64,75,4
2422,147500,64,133,273,1162,963,82,30,39,15,57.55,703,90,92,63,42,68,74,72,4
2423,122222,41,183,329,1194,621,78,23,36,17,62.44,592,84,87,74,34,66,87,72,4
2424,104250,186,171,304,738,695,75,7,28,36,54.63,461,79,84,95,13,48,65,64,3
2425,91591,298,299,420,907,511,68,13,32,44,52.04,609,74,77,89,22,41,58,60,3
2426,59521,412,693,671,1674,699,67,60,30,35,49.81,1127,51,75,24,18,49,50,45,2
2427,49545,231,242,385,384,143,60,46,29,47,53.48,457,37,62,37,15,38,62,42,2
2428,105208,58,204,193,341,284,71,18,51,36,53.48,228,79,80,81,66,48,62,70,4
2429,127989,37,103,211,575,377,78,25,43,25,56.69,347,86,87,69,53,59,71,71,4
2430,90250,197,271,382,493,323,66,38,47,40,56.11,451,73,73,47,60,44,69,61,3
2431,141422,229,81,179,692,378,72,13,44,25,55.61,439,88,81,88,54,59,68,73,4
2432,161905,68,167,189,815,356,75,14,43,31,55.61,444,93,85,88,50,53,68,73,4
2433,114031,152,146,153,663,453,74,12,33,33,51.35,421,83,83,90,27,51,55,65,3
2434,103804,291,321,344,694,680,70,33,40,35,51.35,555,79,79,55,46,50,55,60,3
2435,154878,24,225,414,1177,775,79,38,52,12,54.79,723,91,88,47,69,73,66,72,4
2502,52823,502,719,444,172,82,46,43,55,36,43.96,485,43,22,39,73,48,19,41,2
2503,33203,585,1172,630,432,135,49,74,42,29,42.41,899,10,32,14,49,55,15,29,1
2504,44533,785,1193,1568,424,129,50,71,45,13,46.88,1046,27,35,17,56,71,34,40,2
2505,99034,678,1294,1224,1172,920,61,31,83,31,51,1173,77,66,60,95,53,54,68,4
2506,58819,444,1136,861,246,235,51,66,64,9,42.08,714,50,38,20,82,77,13,47,2
2507,54094,448,1617,1704,356,136,51,74,38,13,42.55,1053,44,39,15,39,71,15,37,2
2508,34103,322,581,434,78,68,46,45,52,18,43.05,379,12,24,37,69,65,16,37,2
2510,40341,105,421,185,32,27,46,79,40,19,41.57,280,22,23,10,44,64,11,29,1
2511,34441,733,1123,757,140,47,43,83,31,12,41.71,772,13,16,8,20,74,12,24,1
2512,56923,717,779,935,210,63,46,42,62,26,41.58,650,48,24,41,80,58,11,44,2
2513,33799,840,1187,825,217,81,44,64,43,15,37.37,818,11,18,21,53,69,1,29,1
2514,44528,517,761,997,310,184,52,73,31,6,42.27,647,27,41,15,19,83,14,33,1
2515,36393,938,1139,632,161,213,44,88,32,5,39.72,855,15,19,5,23,84,5,25,1
2516,35798,449,693,681,138,142,49,68,43,9,39.84,534,14,32,19,50,78,5,33,1
2517,43125,197,352,258,86,48,48,78,44,21,40.21,285,24,30,11,53,62,6,31,1
2518,32896,743,1166,935,160,38,44,76,26,4,40.42,940,9,18,13,11,88,7,24,1
2519,23110,589,1075,1392,203,76,49,71,23,7,41.91,1020,2,31,17,7,80,12,25,1
2520,32391,670,1435,1059,255,71,46,95,16,1,42.21,960,8,24,2,2,95,14,24,1
2521.01,29833,184,286,347,115,66,52,93,22,2,38.01,207,6,41,2,6,95,1,25,1
2521.02,44291,640,1797,1476,274,137,48,60,35,5,39.59,1150,27,31,25,31,85,5,34,2
2522.01,40217,503,716,497,181,58,45,85,42,2,40.39,402,22,21,7,47,92,7,33,1
2522.02,32909,852,941,853,239,73,45,88,28,5,40.94,795,9,20,5,13,85,8,23,1
2601,33500,257,340,241,47,15,43,100,21,3,44.14,248,11,14,1,6,91,20,24,1
2602,38021,153,225,316,33,10,47,83,31,2,43.44,230,19,26,8,19,94,18,31,1
2603,33372,354,307,301,71,0,42,86,26,1,43.64,280,11,12,6,11,98,19,26,1
2604,27000,211,189,157,19,5,40,100,27,0,44.6,156,4,8,1,12,99,23,24,1
2605,28571,363,320,303,15,22,41,72,31,6,48.8,302,5,10,16,19,83,45,30,1
2606,28106,419,394,410,42,7,42,92,31,5,49.52,369,4,12,3,19,85,48,28,1
2607,24662,251,393,333,14,19,43,92,30,3,46.06,298,2,16,3,17,91,30,27,1
2608,24583,317,597,379,45,61,45,85,23,1,41.7,363,2,20,7,7,97,11,24,1
2609,46167,191,446,252,19,6,43,77,29,6,44.94,289,31,13,12,15,83,25,30,1
2610,36884,351,501,478,92,35,46,74,37,6,45.96,386,17,22,14,36,83,30,34,2
2705,26771,395,312,308,85,8,42,71,13,5,44.55,320,4,13,17,1,84,23,24,1
2712,31071,190,272,265,72,11,46,90,31,4,45.88,231,6,24,4,19,88,29,28,1
2713,22308,128,299,177,41,33,47,81,21,1,44.22,209,1,26,8,6,98,21,27,1
2714,30938,186,448,242,155,53,50,91,25,3,44.22,305,6,35,3,9,91,21,28,1
2715,38600,127,284,416,95,49,53,66,40,1,45.2,257,20,43,21,46,97,26,42,2
2718,32750,88,430,79,0,36,43,91,23,0,44.34,191,9,15,3,8,100,22,26,1
2801,173409,0,57,312,2099,1832,87,22,55,15,66.66,989,96,100,75,73,68,91,84,4
2804,33333,205,270,285,114,94,52,86,21,4,50.02,308,11,41,6,5,88,51,34,2
2808,29764,116,124,206,67,42,53,45,21,4,46.99,183,6,42,37,5,87,35,35,2
2809,17833,121,119,211,99,30,53,76,24,7,41.15,253,1,44,12,8,81,9,26,1
2819,130743,49,195,136,1659,1746,86,16,33,50,69.99,787,87,99,84,26,35,95,71,4
2827,70000,228,416,427,437,229,60,54,45,29,44.35,513,64,63,29,55,55,22,48,3
2828,78636,31,138,262,378,320,74,42,39,33,60.82,275,69,84,41,41,51,84,62,3
2831,57500,54,183,322,548,536,76,58,16,38,47.83,418,49,85,26,2,46,41,42,2
2832,103378,61,174,109,431,457,77,26,46,23,47.83,341,79,86,68,58,60,41,65,3
2838,94250,315,324,471,857,641,69,40,45,20,47.83,688,75,78,44,56,63,41,60,3
2909,32668,663,1047,735,186,95,45,76,30,2,41.96,866,8,21,13,17,94,12,28,1
2912,24643,275,424,406,186,25,49,86,24,5,40.01,475,2,32,6,8,84,6,23,1
2916,41912,156,129,122,49,41,48,88,29,68,48.93,173,23,28,4,14,22,45,23,1
2922,37570,413,671,509,212,63,48,84,29,2,41.38,548,17,28,7,16,93,10,29,1
2924,41974,401,446,456,104,44,45,53,26,6,43.41,424,23,21,30,10,83,18,31,1
2925,43267,630,711,947,301,167,50,70,38,4,43.14,794,25,36,18,38,88,17,37,2
3005,37315,1050,353,298,148,40,36,55,28,85,43.44,655,17,2,28,13,7,18,14,1
3006,50104,797,459,460,263,34,43,52,39,71,46.28,679,37,15,31,41,20,31,29,1
3007,37962,2034,550,285,258,124,35,56,28,91,48,1294,18,1,27,13,2,42,17,1
3008,28177,1451,611,276,82,25,32,71,29,90,42.17,987,4,0,16,15,2,13,9,1
3009,29423,1724,465,440,114,29,33,44,25,93,38.52,1032,5,0,38,10,1,2,9,1
3011,34028,672,413,256,153,83,42,61,24,81,39.07,598,12,12,23,8,13,3,12,1
3012,32123,984,884,522,195,22,40,66,31,83,44.36,910,8,8,20,19,9,22,14,1
3016,31623,1382,756,407,258,63,38,29,39,88,43.53,1068,7,4,63,40,4,18,23,1
3017.01,36443,1045,842,604,154,56,40,46,32,90,43.55,948,16,9,36,23,2,19,18,1
3017.02,41950,958,844,332,104,18,37,49,39,94,45.41,886,23,3,32,41,0,27,21,1
3018.01,35971,969,769,246,150,47,37,35,40,83,50.34,765,15,3,52,43,9,52,29,1
3018.02,37644,1075,714,261,163,21,36,41,34,90,44.67,760,17,2,43,28,3,24,20,1
3018.03,38889,1534,1201,370,153,71,36,26,39,89,45.94,1288,20,2,68,42,3,30,27,1
3102,69038,148,132,228,345,187,66,25,34,41,55.24,244,63,73,69,27,43,67,57,3
3103,57647,287,167,233,254,194,58,45,28,55,53.74,313,49,59,38,13,32,63,42,2
3104,68750,231,113,138,265,197,62,30,31,57,51.66,259,62,66,61,19,31,56,49,3
3105,64500,331,332,252,238,129,52,40,29,75,50.43,415,58,42,45,15,16,52,38,2
3106,62432,1422,983,550,924,512,51,79,21,63,52.68,1100,56,39,11,5,26,61,33,1
3107,57833,405,343,263,186,119,49,20,24,68,46.34,342,49,32,78,8,22,32,37,2
3108,61708,1096,503,819,652,204,50,24,27,81,45.63,986,55,35,72,12,11,28,35,2
3109,37862,1134,638,515,565,186,47,73,27,75,46.63,925,18,27,15,11,16,34,20,1
3201,155214,0,230,1524,4299,4285,84,0,42,37,60.34,1810,91,97,100,49,48,84,78,4
3204,232927,7,15,61,260,515,89,0,62,23,69.92,42,100,100,100,80,61,94,89,4
3206,137188,14,165,580,1297,1866,85,38,46,27,69.92,703,87,98,47,58,56,94,73,4
3301,155286,355,747,2509,5190,6451,82,30,51,26,59.95,3829,92,93,62,67,57,83,76,4
3302,151622,117,223,271,686,677,76,40,64,23,58.67,569,90,85,45,82,61,77,73,4
3403,35250,394,320,273,139,78,46,31,45,75,65.69,211,14,24,59,56,16,89,43,2
3404,47039,375,502,87,195,102,46,4,35,80,65.69,250,32,24,97,31,13,89,48,2
3405,41500,410,344,281,188,157,50,14,25,48,65.69,189,23,36,86,9,37,89,47,2
3406,16034,209,113,97,25,19,40,92,1,1,47.67,118,0,7,3,0,97,39,25,1
3501,70313,12,79,257,325,474,80,0,3,50,43.44,201,64,90,100,0,35,18,51,3
3504,17955,45,55,62,7,3,45,90,1,1,43.44,38,1,19,4,0,96,18,23,1
3510,26250,58,262,503,598,409,71,60,15,25,54.54,365,4,80,25,2,59,64,39,2
3511,11476,287,228,522,134,23,50,99,11,1,40.75,534,0,34,1,1,97,8,24,1
3514,16550,141,263,254,139,61,53,94,10,5,47.11,219,0,45,2,1,85,36,28,1
3515,22917,9,49,66,45,51,67,100,31,36,41.12,39,1,75,1,19,48,9,26,1
3602,37935,199,291,432,110,28,50,95,16,8,43.23,352,18,36,2,2,79,17,26,1
3801,40652,508,200,477,273,211,54,71,32,7,45.1,366,22,47,17,23,81,26,36,2
3802,33672,211,320,398,299,143,58,86,18,4,45.1,227,11,57,6,3,88,26,32,1
3805,21122,90,223,109,39,19,46,100,7,2,41.12,163,1,24,1,0,94,9,22,1
3807,50714,200,389,306,49,119,51,87,29,6,43.08,210,38,37,5,14,83,16,32,1
3812,71563,176,199,516,297,265,64,63,24,2,46.23,408,66,70,22,9,94,31,49,3
3814,34865,113,310,440,165,102,57,67,30,5,44.73,362,13,56,19,17,85,24,36,2
3815,28125,21,37,79,50,5,58,100,42,0,47.29,54,4,58,1,48,100,38,41,2
3817,0,0,0,0,0,0,0,0,0,0,0,0,0,0,0,0,0,0,0,2
3818,57500,75,109,354,201,147,65,72,30,7,41.97,249,49,73,16,17,80,12,41,2
3819,61250,97,170,245,129,73,58,77,35,4,41.97,210,54,56,12,32,86,12,42,2
3901,88636,107,115,237,257,213,68,44,40,12,47.67,267,72,75,38,45,73,39,57,3
3902,106250,61,143,326,358,408,74,36,55,8,47.55,382,80,83,51,73,78,38,67,4
3903,36484,364,346,645,483,245,59,83,20,4,48.22,594,16,60,8,4,87,42,36,2
3904,44265,389,507,586,395,368,59,68,26,7,50.42,525,26,60,18,10,80,52,41,2
3905,121053,39,106,226,327,552,80,13,32,20,52.95,277,84,90,89,23,64,61,69,4
3906,106944,38,58,133,289,588,84,49,45,14,55.25,282,80,96,32,55,69,67,67,3
3907,101684,110,330,788,1174,1550,79,47,35,22,55.56,744,78,88,35,29,61,68,60,3
4003,35385,131,242,404,138,61,55,89,25,6,41.69,296,14,49,4,9,83,11,28,1
4004,33846,232,434,331,174,94,52,74,26,1,45.36,399,12,40,15,11,98,27,34,2
4005,34559,302,384,516,181,114,52,95,15,2,46.05,511,13,42,1,2,95,30,30,1
4008,24907,353,659,437,212,37,47,88,9,2,38.38,631,3,27,4,0,92,2,21,1
4101,97727,76,57,178,418,680,82,23,25,30,56.35,276,77,94,75,9,54,71,63,3
4102,64000,11,84,155,187,524,83,34,22,32,55.55,204,57,96,54,7,52,68,55,3
4105,91071,70,151,465,435,651,76,66,36,18,53.49,422,74,85,20,33,65,62,57,3
4106,89306,85,171,219,440,599,77,0,40,20,55.75,385,73,86,100,43,63,68,72,4
4107,85735,47,95,111,289,718,84,0,29,29,57.51,271,72,97,100,16,55,74,69,4
4108,82328,34,216,276,443,760,79,53,36,30,57.87,338,70,89,30,33,54,75,59,3
4109,102443,76,122,206,756,1071,84,22,43,27,57.52,431,79,96,75,51,57,74,72,4
4110,110737,79,49,548,510,1112,82,86,41,27,57.52,328,82,94,6,46,56,74,60,3
4111,174432,30,14,53,253,1199,93,23,51,23,58.29,282,96,100,74,66,60,77,79,4
4112,175427,49,10,78,149,782,90,26,52,26,58.32,245,96,100,67,69,58,77,78,4
4201,25603,132,231,434,81,108,56,87,9,3,47.3,246,3,53,6,0,90,38,31,1
4202,48864,189,147,259,315,318,67,63,22,7,47.23,262,36,74,23,7,81,37,43,2
4203,53824,52,175,414,390,436,73,74,29,23,47.1,239,44,83,15,14,60,36,42,2
4204,31087,154,168,187,183,170,61,67,18,19,47.1,246,6,65,20,3,64,36,32,1
4205,42267,192,342,652,147,67,54,58,17,14,47.1,442,24,46,26,3,69,36,34,2
4206,26188,130,553,589,153,112,54,91,19,5,47.1,462,4,48,3,4,86,36,30,1
4207,22056,457,727,706,92,192,49,64,29,8,45.15,585,1,34,22,15,79,26,29,1
4208,42209,175,308,578,208,192,59,72,29,7,44.96,500,23,61,16,16,81,25,37,2
4212,39605,160,277,359,100,60,52,68,32,4,45.97,232,21,41,18,22,88,30,37,2
4301.01,32546,244,590,1043,276,141,55,79,19,2,43.55,639,8,51,11,4,95,19,31,1
4301.02,35392,216,418,745,344,232,60,59,17,7,43.55,422,14,62,25,2,82,19,34,2
4302,34167,454,758,1204,342,373,56,79,23,9,47.52,866,12,53,10,8,78,38,33,1
4303,17568,144,473,485,193,129,56,92,21,1,44.36,442,1,52,3,5,96,22,30,1
4304,45465,225,541,842,197,161,55,80,37,2,43.97,523,30,50,10,35,93,20,40,2
4305,19962,447,642,964,53,135,49,91,13,7,51.72,626,1,33,3,1,80,57,29,1
4306,50769,57,305,479,184,119,60,70,36,3,51.72,241,38,63,18,33,90,57,50,3
4307,9913,222,472,700,232,127,55,88,18,6,46.03,348,0,50,4,3,83,30,28,1
4308,63378,20,293,305,241,241,67,70,39,2,51.72,228,57,75,18,42,94,57,57,3
4309,56371,115,177,501,234,103,61,69,32,7,51.72,279,47,63,18,24,82,57,49,3
4312,58500,237,447,590,488,292,61,23,66,4,48.88,427,50,66,73,84,86,45,67,4
4313.01,38356,211,753,851,236,100,53,77,20,12,40.77,718,19,44,12,5,73,8,27,1
4313.02,51000,245,726,1168,207,141,54,80,13,6,41.49,706,38,48,10,1,83,11,32,1
4314,33818,438,1173,1820,556,539,58,84,21,9,42.99,873,11,58,7,6,78,16,29,1
4401.01,26071,499,741,1147,90,43,48,84,12,2,44.76,694,3,28,7,1,93,24,26,1
4401.02,44167,260,711,834,169,117,52,93,19,5,44.05,531,26,41,2,4,85,20,30,1
4402.01,35474,488,1021,1293,359,222,53,86,19,4,54.99,774,14,43,6,4,89,67,37,2
4402.02,38100,249,448,802,488,221,60,84,39,4,54.31,365,19,63,7,40,88,64,47,2
4403,59107,288,969,1161,559,360,58,78,57,3,47.21,571,50,59,11,75,90,37,54,3
4406,73409,66,330,600,242,248,64,52,82,10,44.44,255,66,70,30,95,76,22,60,3
4407,48490,77,333,270,195,87,58,62,66,13,51.61,192,35,56,23,84,72,56,54,3
4408,26806,212,351,388,115,60,50,70,27,2,42.05,302,4,37,18,12,94,13,29,1
4409,47500,243,539,416,175,224,55,69,54,1,46.09,370,34,49,18,72,98,30,50,3
4503,54886,369,585,1018,315,179,55,55,65,1,55.57,496,46,49,28,83,98,68,62,3
4601,35484,320,894,588,306,124,51,62,39,21,41.21,591,14,39,23,41,62,9,31,1
4602,32611,410,457,417,114,76,46,60,35,55,42.46,465,8,24,25,31,32,15,22,1
4603.01,37981,513,789,579,203,38,46,82,47,35,42.48,604,18,22,8,60,49,15,29,1
4603.02,28781,461,856,715,133,64,46,70,41,4,40.35,583,5,24,18,46,87,7,31,1
4604,51486,281,963,889,284,87,51,79,49,4,49.13,581,40,39,10,64,89,46,48,3
4605,54167,213,1240,1550,612,368,58,41,58,1,48.95,746,45,59,43,76,98,46,61,3
4606,38362,128,308,219,77,19,48,53,43,19,42.98,216,19,30,30,52,65,16,35,2
4607,26000,655,519,443,75,13,40,72,18,39,42.54,768,3,7,16,3,44,15,15,1
4610,44737,283,366,286,56,12,43,53,13,27,42.46,210,28,15,30,1,56,15,24,1
4701,48833,284,755,635,115,134,50,65,51,4,40.66,429,35,36,21,68,89,8,43,2
4801,80417,138,363,642,270,130,59,64,79,5,53.41,205,70,60,22,93,84,62,65,3
4802,53553,98,112,440,160,52,59,76,52,1,56.18,163,44,60,12,69,98,70,59,3
4803,58750,72,204,346,199,75,60,76,60,1,56.23,182,50,63,12,79,96,70,62,3
4804,56038,531,942,1689,792,390,58,73,85,3,55.31,664,47,58,15,96,91,67,62,3
4805,53200,273,783,629,311,143,53,64,73,13,47.76,470,44,44,22,88,71,40,51,3
4903,62600,113,261,507,293,244,64,78,79,5,44.42,233,56,71,11,93,85,22,56,3
4904,61538,50,180,263,170,69,61,42,71,1,44.42,159,54,64,41,87,95,22,61,3
4905,69667,74,250,491,328,217,65,68,77,5,48.35,219,63,73,19,91,84,43,62,3
4906,43289,172,191,392,111,96,55,60,80,14,44.77,203,25,50,24,93,70,24,48,3
4907,50776,307,575,932,189,114,53,55,76,4,41.14,465,38,43,28,90,87,9,49,3
4908,47123,310,524,1367,325,202,57,65,65,2,47.92,557,33,55,21,84,93,41,54,3
4909.01,45435,407,682,904,194,156,52,62,35,1,46.63,607,30,40,23,29,97,34,42,2
4909.02,52031,401,870,1306,555,274,57,71,61,3,45.9,692,41,55,17,80,91,29,52,3
4910,32907,727,922,1151,168,130,47,88,49,0,42.04,847,9,28,4,63,100,13,36,2
4911,66204,406,667,1186,479,325,58,49,82,1,54.63,554,59,57,33,94,96,65,68,4
4912,57778,134,432,595,147,157,57,76,74,7,43.53,304,49,55,13,88,81,19,51,3
4913,33631,486,557,574,164,66,47,100,49,3,40.9,476,11,25,1,63,91,8,33,1
4914,33125,344,527,761,153,91,51,79,26,4,42.08,557,10,37,10,10,89,13,28,1
5001,63750,231,621,985,269,172,56,93,56,3,49.01,437,57,53,3,74,90,46,54,3
5002,31484,179,302,483,143,80,54,93,33,6,48.54,422,6,47,2,26,83,44,35,2
5003,47576,149,203,296,274,138,61,51,50,21,44.5,267,34,64,31,65,62,23,46,2
5101,43063,726,597,529,108,22,41,53,61,60,52.2,634,24,10,30,80,28,59,39,2
5102,52269,374,632,554,222,259,54,50,77,32,47.73,453,41,47,31,91,52,40,50,3
5103,37424,363,1162,1461,300,238,54,90,67,1,46.29,819,17,47,4,85,96,32,47,2
5201,46875,568,418,141,118,38,39,25,54,79,45.65,451,32,5,69,72,15,28,37,2
5202,41975,776,786,641,59,43,41,32,42,71,47.15,755,23,11,56,47,19,37,32,1
5203,45486,1432,1177,877,276,76,41,43,66,79,50.68,1213,30,11,40,84,14,53,39,2
5204,54405,668,1050,507,302,53,45,20,67,79,51.53,726,45,19,78,85,15,56,50,3
5205,68311,617,1006,702,393,131,49,42,87,67,53.07,686,61,32,41,97,24,62,53,3
5206,52828,392,690,416,125,57,45,23,83,64,53.86,482,43,21,74,95,26,63,54,3
5301,45865,526,473,319,75,22,40,52,35,59,40.78,439,31,8,30,29,29,8,22,1
5302,47813,599,931,1046,225,142,49,73,51,3,41.04,816,34,33,15,65,92,9,41,2
5303,53162,440,792,1266,266,181,53,59,76,1,47.94,608,44,43,25,91,96,41,57,3
5304,55833,169,470,480,160,159,55,69,78,4,44.53,383,47,51,18,92,86,23,53,3
5305.01,55781,307,1413,934,415,253,53,60,58,2,39.35,935,47,45,24,76,93,4,48,3
5305.02,44615,105,229,663,67,65,56,76,79,2,41.34,234,27,52,13,93,93,10,48,3
5305.03,45543,463,1118,1156,427,264,54,68,79,3,44.76,724,30,46,19,93,92,24,51,3
5306,38088,109,720,929,107,94,53,80,52,2,40.26,551,19,46,9,69,95,7,41,2
5401.01,25750,367,461,879,16,41,48,85,10,4,38.77,799,3,28,6,0,88,3,21,1
5401.02,19779,339,537,792,79,27,48,93,21,1,38.79,567,1,29,2,5,98,3,23,1
5501,64789,569,1824,1389,365,263,51,27,66,46,46.52,1137,58,37,67,85,38,34,53,3
5502,88690,207,649,625,274,112,54,13,90,39,57.56,430,72,47,89,98,46,74,71,4
5601,69342,322,442,187,138,28,44,25,68,67,45.36,253,63,17,70,86,24,27,48,2
5602,56852,275,460,326,108,69,48,33,80,24,45.36,266,48,29,55,93,60,27,52,3
5603,54286,478,657,626,241,123,49,37,92,61,51.68,604,45,34,48,99,27,57,52,3
5604,50694,349,390,213,113,22,43,48,90,86,52.59,283,38,14,34,99,6,60,42,2
5607,69219,456,778,672,253,51,48,25,65,67,57.67,591,63,29,70,83,24,75,57,3
5608,74233,618,1273,1212,487,163,51,42,76,43,56.14,916,67,38,40,90,42,69,58,3
5609,106090,300,1086,1162,565,301,57,6,91,30,53.78,796,80,55,95,99,54,63,74,4
5610,128912,331,868,1176,713,374,60,19,85,40,55.44,745,86,62,80,96,44,68,73,4
5611,96648,583,1250,921,682,316,54,32,88,39,61.04,854,77,48,57,98,45,85,68,4
5701,59500,260,314,189,73,15,43,25,64,84,47.2,227,51,14,69,82,8,37,43,2
5702,62750,319,247,220,146,49,47,18,75,80,47.2,290,56,26,80,89,14,37,50,3
5703,50725,1049,1536,783,398,93,44,33,56,81,47.2,1279,38,18,56,75,12,37,39,2
5704,56964,306,451,106,114,35,43,45,46,87,47.2,329,48,13,37,57,6,37,33,1
5705,45380,337,590,385,132,64,47,27,53,82,47.38,434,29,25,67,70,10,38,40,2
5801,45265,514,772,481,147,111,46,43,52,78,52.29,619,29,23,40,69,15,60,39,2
5802,44167,902,703,335,151,27,38,36,53,87,46.9,699,26,4,50,70,6,35,32,1
5803,49955,806,445,288,47,26,36,32,56,82,43.2,509,37,1,57,75,11,17,33,1
5804,46757,899,1065,511,295,130,44,30,48,84,50,1008,32,18,61,62,8,51,39,2
5805.01,37366,1182,1330,426,185,87,39,36,37,83,44.32,1040,17,5,51,35,8,22,23,1
5805.02,43833,1198,1267,516,238,93,40,16,43,85,49.73,1255,26,9,83,51,6,49,38,2
5806,60190,1362,929,670,315,49,41,24,41,82,45.66,1264,53,10,72,47,10,28,37,2
5807,44979,1522,1349,635,297,50,39,37,48,87,45.35,1345,28,6,49,62,6,27,29,1
5808,45259,584,482,183,59,31,37,38,45,89,46.51,504,29,3,48,56,3,33,29,1
5905,73529,337,437,278,124,75,47,17,50,67,53.39,335,66,24,82,65,24,62,54,3
5906,48778,645,778,610,226,185,48,25,46,69,50.22,771,35,30,70,57,22,52,44,2
5907,52143,470,515,399,301,103,49,42,44,77,50.13,609,41,34,41,54,15,51,39,2
6004,38596,741,909,607,473,204,50,32,37,65,71.8,594,20,35,58,37,25,96,45,2
6006,36464,788,577,361,186,127,43,27,46,66,61.52,483,16,16,66,58,24,86,44,2
6007,41786,428,550,669,331,94,51,58,43,48,61.58,458,23,39,26,51,37,86,43,2
6009,55691,421,797,664,615,275,57,19,35,46,59.91,680,46,54,79,30,39,82,55,3
6103,45611,1549,859,708,259,110,40,38,33,87,41.3,1335,30,8,47,24,5,10,21,1
6104,32717,673,428,201,103,12,37,49,25,83,37.87,568,9,2,32,9,8,1,10,1
6108,65500,61,521,267,107,54,52,26,62,9,49.97,263,59,40,68,80,78,50,62,3
6110,24483,263,250,122,57,11,40,67,36,35,42.31,212,2,8,20,33,50,14,21,1
6111,26786,476,1049,349,35,7,40,66,35,69,37.97,710,4,7,20,31,21,1,14,1
6112,28272,424,1155,107,55,40,39,53,32,71,38.04,750,5,5,29,22,20,1,14,1
6113,33278,899,1253,140,59,24,35,54,36,82,50.57,938,11,1,29,33,10,53,23,1
6114,39620,1131,1081,298,78,7,35,25,31,88,40.48,1009,21,1,68,20,4,7,20,1
6115,36823,625,1392,212,51,28,38,39,37,83,38.63,776,16,4,46,36,9,2,19,1
6116,36574,237,680,159,18,0,39,46,49,56,41.52,347,16,5,36,64,32,11,27,1
6117,29300,240,616,236,53,5,42,60,38,52,41.52,401,5,13,24,39,34,11,21,1
6118,42262,303,666,236,14,0,39,49,35,39,41.52,396,24,6,33,30,46,11,25,1
6119,35170,246,654,235,9,36,42,87,28,22,40.88,398,14,13,6,14,62,8,19,1
6120,51522,189,516,253,44,30,45,63,40,6,43.35,288,40,19,22,45,83,18,38,2
6121,34545,197,453,231,52,43,45,89,32,4,43.25,253,13,22,4,22,87,18,27,1
6201,58810,651,1065,713,277,105,47,31,82,88,48.39,900,50,25,59,94,4,43,46,2
6202,59417,321,456,389,168,38,48,7,55,74,49.38,411,51,28,95,73,17,48,52,3
6203,59077,1133,1445,963,428,95,45,37,73,75,49.56,1286,50,20,49,88,17,48,45,2
6204,67328,895,1160,696,203,122,44,20,75,89,49.33,1023,61,17,77,89,4,47,49,3
6301,36447,162,322,130,25,18,42,30,39,66,45.49,196,16,13,61,40,24,28,30,1
6302,45795,419,515,204,76,14,40,29,46,83,47.13,393,30,7,63,58,9,36,34,2
6303,52285,1075,1305,571,354,38,42,27,53,89,43.82,1334,42,12,66,71,3,19,36,2
6304,34770,1536,1730,839,119,46,38,26,53,90,44.78,1568,13,5,68,71,2,25,31,1
6305,47301,1475,1644,498,162,50,37,49,51,91,47.52,1368,33,3,34,66,1,38,29,1
6308,48347,1569,1565,629,247,102,39,43,56,88,48.48,1541,35,6,39,74,4,44,34,2
6309,47255,1135,1289,664,79,13,38,34,59,91,47.85,1170,33,4,53,78,1,41,35,2
6401,52500,131,360,214,86,25,48,44,56,61,50.32,247,42,30,38,74,28,52,44,2
6403,66452,576,1416,1541,548,187,52,29,74,43,54.98,1152,60,42,64,88,42,67,60,3
6404,84318,341,1101,461,253,145,49,22,81,36,56.33,520,71,33,75,94,48,71,66,3
6405,86105,250,719,680,326,141,54,25,79,47,56.43,499,72,48,70,93,38,71,65,3
6406,51765,595,868,751,318,136,49,47,57,50,54.33,697,40,33,36,75,36,64,47,2
6407,57045,387,799,545,188,62,47,25,81,58,56.71,586,48,27,69,94,30,72,57,3
6408,58438,177,489,382,154,73,51,43,72,72,51.57,362,49,39,40,87,19,56,48,3
6501,43777,1056,1228,516,103,78,39,41,69,81,48.94,947,25,6,44,86,11,46,36,2
6502,56711,1121,1898,704,430,47,43,36,64,75,49.64,1374,47,14,50,83,17,49,43,2
6503.01,57632,780,1128,972,366,124,48,36,77,71,51.67,1064,49,29,50,92,20,56,49,3
6503.02,48643,1100,876,385,252,80,40,21,78,79,43.16,867,35,9,76,93,14,17,41,2
6504,51267,1260,1537,907,316,116,43,33,82,84,49.99,1348,39,15,55,95,8,51,44,2
6505,68765,682,924,808,218,127,47,16,79,70,50.25,863,62,26,83,93,21,52,56,3
6603.01,30833,257,516,158,32,0,39,33,34,63,42.09,389,6,6,55,28,26,13,22,1
6603.02,38900,1002,1370,540,228,60,41,31,44,73,45.65,1184,20,11,60,53,18,28,32,1
6604,52935,1314,1312,571,316,17,40,35,57,82,47.05,1287,43,7,51,76,10,35,37,2
6605,41463,915,1567,534,134,75,41,23,53,81,43.16,1082,23,10,74,70,11,17,34,2
6606,32381,1209,1569,991,207,28,41,54,35,39,44.12,1357,8,12,29,30,45,20,24,1
6607,38878,431,506,392,76,22,43,65,56,4,40.95,356,20,13,21,73,89,8,37,2
6608,37990,856,1243,1299,206,87,46,52,37,36,44.2,1109,18,23,31,36,48,21,29,1
6609,33047,301,1108,1200,153,28,49,76,33,13,40.11,804,10,33,12,25,72,6,26,1
6610,43806,628,1538,856,361,131,48,67,53,12,40.04,876,25,29,19,70,73,6,37,2
6611,59955,844,1503,1336,236,126,47,40,76,50,51.01,1275,52,25,45,90,36,54,50,3
6701,39250,249,307,266,71,19,45,100,35,14,39.5,278,20,20,1,32,70,4,25,1
6702,33684,201,305,229,40,17,44,100,33,3,39.42,256,11,17,1,25,91,4,25,1
6703,33438,212,316,233,86,14,45,67,39,23,39.2,227,11,22,19,42,60,3,26,1
6704,30000,294,551,258,63,17,42,42,45,17,40.47,311,6,13,42,55,66,7,31,1
6705,50833,138,349,194,38,0,44,40,49,20,41.34,197,38,16,45,64,63,10,39,2
6706,47361,174,383,385,47,11,47,42,49,4,45.17,262,33,25,41,64,87,26,46,2
6707,39348,111,429,222,13,4,44,71,42,13,45.17,239,21,17,17,47,71,26,33,1
6708,29583,313,414,154,44,52,42,100,41,2,36.57,264,6,12,1,47,92,0,26,1
6709,40478,77,283,221,151,91,57,67,44,5,36.57,195,22,56,19,54,84,0,39,2
6711,30357,141,215,120,56,22,46,67,39,0,39.2,158,6,22,19,42,100,3,32,1
6712,24773,180,330,92,14,0,38,87,35,0,42.72,199,2,4,5,29,100,16,26,1
6713,37500,281,727,333,74,45,45,77,53,7,42.72,420,17,19,12,71,82,16,36,2
6714,30952,292,581,259,38,3,41,74,56,4,42.72,285,6,10,14,75,89,16,35,2
6715,33851,425,862,423,44,42,42,48,47,12,39.15,505,12,13,34,59,73,3,32,1
6716,31400,296,596,504,29,0,44,93,37,2,39.25,414,6,17,2,36,94,4,26,1
6718,38846,92,319,318,51,24,50,64,60,7,40.46,198,20,35,22,78,80,7,40,2
6719,48611,207,335,224,44,42,45,45,64,11,39.29,214,35,21,37,82,75,4,42,2
6720,47434,348,970,609,177,186,50,76,71,2,37.26,503,34,36,13,87,93,1,44,2
6805,22411,182,384,257,64,5,45,100,30,6,42.84,219,1,20,1,17,83,16,23,1
6806,21528,238,346,195,77,23,44,88,28,2,39.28,265,1,18,5,12,95,4,22,1
6809,27439,625,861,746,183,56,45,95,16,3,36.85,735,4,21,1,2,91,0,20,1
6810,44444,443,553,559,105,31,45,61,29,0,38.35,524,27,20,24,15,99,2,31,1
6811,30560,506,636,633,104,67,46,81,33,6,39.39,563,6,22,9,26,82,4,25,1
6812,23631,285,522,517,141,9,47,88,21,3,37.25,507,2,28,5,6,90,0,22,1
6813,33396,312,437,600,58,73,48,82,22,10,37.57,447,11,31,8,6,76,1,22,1
6814,38125,403,485,725,113,22,47,73,48,1,40.99,465,19,26,15,61,97,9,38,2
6903,18537,282,407,564,84,40,48,91,13,0,38.69,391,1,30,3,1,100,2,23,1
6904,23797,401,435,1235,178,162,54,96,31,3,44.43,609,2,47,1,21,91,22,31,1
6905,35833,168,187,209,43,61,49,66,36,1,46.24,119,15,33,20,33,98,31,38,2
6909,51500,315,633,1416,442,182,57,84,30,3,44.66,778,40,55,8,18,92,24,39,2
6910,66667,206,426,687,308,192,58,74,44,2,47.21,334,60,59,14,54,95,37,53,3
6911,20625,275,632,717,160,59,50,86,23,4,41.32,520,1,36,6,7,88,10,25,1
6912,40518,170,462,864,165,51,54,100,29,1,39.2,533,22,47,1,14,98,3,31,1
6913,55833,74,618,637,209,231,59,52,54,4,48.17,341,47,60,30,72,90,42,57,3
6914,40000,248,754,833,264,175,54,76,49,1,44.13,515,21,48,13,63,99,20,44,2
6915,33519,264,411,355,82,37,46,78,31,2,44.22,328,11,24,11,19,94,21,30,1
7001,68879,303,593,779,148,186,53,27,77,27,46.35,556,62,45,66,92,56,33,59,3
7002,66885,882,1346,932,508,168,48,21,87,61,51.48,1306,60,30,76,97,28,56,58,3
7003.01,75038,866,1290,824,311,136,46,25,90,58,48.85,1060,67,22,69,98,30,45,55,3
7003.02,76957,583,1155,1011,459,124,50,16,88,49,50.36,868,68,36,84,97,36,52,62,3
7004.01,71520,484,972,1252,498,314,55,42,82,27,52.51,959,65,51,41,95,56,60,61,3
7004.02,69323,460,857,694,297,309,53,58,90,32,53.78,670,63,45,26,99,51,63,58,3
7005.01,71449,278,1545,1943,785,453,58,42,85,5,52.08,894,65,59,42,96,84,59,67,4
7005.02,112040,162,415,979,415,287,62,48,89,4,52.3,364,82,68,34,98,86,60,71,4
7101,29038,197,286,300,66,22,47,76,18,4,38.37,227,5,26,13,3,89,2,23,1
7102,33153,464,1037,1253,230,90,50,74,28,1,39.75,917,10,35,14,12,99,5,29,1
7103,40000,147,203,466,83,30,52,85,34,2,41.61,240,21,42,7,28,92,11,34,2
7104,45362,746,1227,1560,201,177,49,49,61,1,41.41,855,29,32,33,80,97,10,47,2
7105,41071,328,928,1027,294,120,52,83,37,4,45.66,711,22,42,8,35,87,29,37,2
7106,42262,139,448,428,83,42,50,76,34,3,42.21,346,24,36,13,28,90,14,34,2
7107,47875,351,931,981,120,50,48,43,36,1,43.15,604,34,31,39,33,96,17,42,2
7108,36280,589,780,1258,603,302,56,81,38,1,41.5,791,15,52,9,37,96,11,37,2
7109,38306,282,403,457,168,100,52,68,49,3,46.18,427,19,40,19,63,90,30,43,2
7110,34926,442,746,668,157,132,49,93,49,1,46.33,531,13,32,2,64,98,32,40,2
7111,51118,460,607,703,149,85,48,44,55,3,45.22,420,39,29,38,73,90,26,49,3
7112,64212,470,998,1321,506,319,56,55,66,1,47.78,703,58,52,28,85,99,40,60,3
7113,63269,198,281,493,59,75,52,32,60,3,48.63,241,57,40,58,79,90,44,61,3
7114,41193,212,683,574,145,63,50,69,63,4,41.24,388,22,36,18,81,88,10,42,2
7115,47217,226,513,651,170,71,52,74,75,2,49.16,339,33,41,15,89,94,46,53,3
7201,165598,65,199,454,672,863,78,16,94,8,59.35,472,94,88,84,100,78,78,87,4
7202,94000,182,429,853,454,823,70,29,76,4,58.82,537,75,79,64,90,86,77,79,4
7203,125198,58,372,597,881,664,73,4,93,8,61.13,521,85,83,97,100,79,85,88,4
7204,132716,30,195,406,331,233,69,6,94,5,61.78,387,87,78,96,100,86,86,89,4
7205,158777,39,142,302,464,361,75,9,89,5,65.87,357,92,84,93,98,84,89,90,4
7206,118071,47,94,262,454,338,76,0,88,7,61.78,247,84,85,100,98,82,86,89,4
7207,101379,74,298,697,494,509,70,29,51,7,54.56,459,78,79,64,66,81,64,72,4
7301,65662,154,380,634,382,152,60,84,83,1,45.86,322,59,63,7,95,99,29,59,3
7302.01,49489,379,1390,1396,447,345,55,70,43,1,45.04,841,37,49,17,52,96,25,46,2
7302.02,66136,105,678,945,334,155,58,80,77,2,41.99,389,59,57,9,92,94,12,54,3
7303,64063,113,245,304,90,40,52,76,69,2,45.5,175,57,42,12,86,94,28,53,3
7304,79408,227,614,904,413,318,60,28,80,3,51.62,460,69,62,65,93,90,56,73,4
7305,60788,349,881,1076,286,314,55,60,80,0,49.99,563,53,51,24,94,99,51,62,3
7306,47159,222,690,844,374,289,58,59,73,2,46.11,510,33,60,25,88,94,30,55,3
7307,50714,206,422,568,230,139,56,59,76,1,48.7,395,38,52,25,90,97,45,58,3
7401,99313,70,512,872,420,167,61,28,87,2,72.17,537,78,65,65,97,95,97,83,4
7402,113582,240,1070,1082,1022,741,65,15,91,11,74.64,862,83,72,85,99,75,99,86,4
7403,126383,91,597,1097,720,506,66,21,92,5,74.64,746,86,74,76,99,85,99,87,4
7404,108313,139,741,1018,793,465,64,14,72,6,59.9,791,81,71,87,87,84,82,82,4
7501,45300,356,1067,863,328,261,54,83,67,2,48.3,607,29,46,8,85,93,43,51,3
7502,117318,24,249,616,577,713,76,23,76,8,52.18,428,84,85,74,91,79,59,79,4
7503,106572,66,283,385,521,447,72,24,78,8,57.31,445,80,81,71,93,79,73,80,4
7504,108370,78,333,609,547,446,69,17,87,7,57.31,452,81,78,82,97,80,73,82,4
7505,62196,553,928,1391,722,570,59,67,62,4,48.66,807,55,61,20,81,87,44,58,3
7506,51600,229,589,1053,256,182,56,51,72,1,46.59,472,40,53,31,87,98,34,57,3
7608.01,68636,149,436,749,1027,475,69,27,26,68,59.79,697,62,77,65,10,22,80,53,3
7608.02,73977,136,327,397,351,100,59,41,81,42,59.99,220,67,61,44,94,43,83,65,3
7608.03,55565,598,1046,1200,689,367,56,42,45,69,59.79,1132,46,52,42,55,21,80,49,3
7709.02,81829,313,824,872,421,240,56,6,70,54,59.79,471,70,53,95,86,33,80,69,4
8104,122289,169,725,694,1315,883,71,14,90,21,67.39,731,85,80,87,98,63,93,84,4
8233.04,68973,391,1497,1321,526,302,54,25,64,20,59.9,937,63,48,69,83,63,82,68,4
8305,40298,1271,555,599,121,0,37,27,59,93,45.1,832,22,2,66,78,1,25,32,1
8306,47054,595,845,543,754,498,58,33,34,52,49.83,997,33,59,55,28,34,50,43,2
8307,72250,485,509,965,823,472,62,50,38,31,56.88,651,66,66,32,38,53,72,54,3
8308,103395,24,151,323,758,371,76,9,19,16,56.77,455,79,85,93,4,67,72,67,3
8309,107857,267,184,341,913,359,69,19,48,28,58.04,555,80,77,80,62,56,76,72,4
8310,182609,9,43,98,768,545,85,9,58,11,66.05,473,98,98,93,76,75,90,88,4
8311,68894,1331,951,1151,958,725,55,15,39,72,47.64,1441,62,50,84,42,19,39,50,3
8312,42222,1231,776,640,405,142,44,23,38,79,39.23,1014,24,17,74,39,15,4,29,1
8313,43000,206,265,272,81,25,47,59,50,41,43.9,265,24,27,25,64,43,19,34,2
8314,37700,420,674,563,193,139,50,81,36,24,48.16,454,18,34,9,33,60,42,33,1
8315,61083,417,805,904,341,228,54,49,70,82,48.85,790,53,47,34,86,11,45,46,2
8316,57281,1328,1291,1359,551,173,47,32,50,62,48.69,1350,48,26,58,64,27,45,45,2
8317,72000,276,267,336,367,167,58,26,54,67,57.09,383,66,59,67,72,23,73,60,3
8318,70479,576,734,1007,1111,808,64,32,43,57,52.42,1048,64,71,57,53,31,60,56,3
8319,198485,41,65,153,963,574,82,4,42,10,74.98,495,99,93,97,48,76,100,86,4
8320,170455,30,63,207,696,331,79,7,41,11,67.39,289,95,88,94,46,75,92,82,4
8321,104082,57,202,375,1073,546,76,46,33,23,60.97,503,79,85,36,26,61,85,62,3
8322,165057,90,115,192,779,821,81,21,35,11,65.95,588,94,91,76,31,74,90,76,4
8323,143000,32,129,143,535,398,78,7,42,20,66.03,381,89,88,95,48,64,90,79,4
8324,121747,123,397,234,1181,446,72,12,54,32,51.52,747,84,81,90,72,52,56,72,4
8325,208571,159,213,190,1055,798,78,17,51,15,69.53,541,100,87,83,65,69,94,83,4
8326,185265,38,48,131,1255,985,85,8,52,9,69.53,691,98,98,94,69,77,94,89,4
8329,161563,10,75,27,458,374,84,23,28,25,47.83,180,93,96,73,12,58,41,62,3
8330,203595,56,130,294,1313,920,81,13,60,9,68.74,572,100,91,88,79,77,93,88,4
8331,161559,436,396,584,2315,2372,79,19,63,14,68.84,1579,93,89,80,81,70,93,84,4
8333,132143,30,122,142,381,512,81,0,36,43,48.56,215,87,90,100,33,42,44,66,3
8339,36442,532,570,364,109,32,42,64,29,49,42.7,535,15,12,22,14,36,15,19,1
8340,34973,444,657,985,142,76,49,88,18,6,44.76,606,14,33,5,3,82,24,27,1
8342,75185,154,529,1767,534,404,63,73,35,3,48.27,793,68,70,16,30,91,42,53,3
8343,65037,572,1276,1366,842,525,58,63,74,4,49.6,891,58,57,23,89,89,48,61,3
8344,69324,346,350,1148,464,451,62,74,42,1,44.45,806,63,68,14,49,97,22,52,3
8345,39750,92,346,385,86,55,53,91,28,8,40.16,319,21,44,3,13,79,6,28,1
8346,36633,407,910,579,69,16,44,88,35,10,44.18,491,16,16,5,32,76,21,28,1
8347,26480,402,304,298,44,36,42,86,30,10,41.58,314,4,12,6,18,76,11,21,1
8348,35833,256,500,385,111,26,47,78,29,7,39.28,329,15,25,11,15,82,4,25,1
8349,23380,321,528,329,92,30,44,100,27,1,39.45,360,2,19,1,12,96,4,22,1
8350,33267,878,1762,838,153,54,42,59,39,39,41.22,1166,10,13,26,40,45,9,24,1
8351,44971,1114,1138,606,98,80,40,48,56,76,47.56,974,28,7,34,74,15,39,33,1
8352,63750,385,448,344,139,47,46,43,63,71,57.67,364,57,22,40,82,20,75,49,3
8355,31750,311,350,331,76,30,45,81,30,7,49.33,214,7,20,8,17,81,47,30,1
8356,43158,103,393,117,48,22,45,51,32,9,48.52,170,24,21,31,22,77,44,36,2
8357,0,0,0,0,0,0,0,0,0,0,0,0,0,0,0,0,0,0,0,1
8358,40179,189,164,318,269,286,65,75,40,2,47.29,336,21,72,13,43,94,38,47,2
8359,32016,320,532,660,248,151,53,79,24,4,44.07,558,7,46,10,8,87,20,30,1
8360,80294,193,265,517,225,217,60,50,47,2,48.55,400,70,63,32,59,92,44,60,3
8361,28684,150,423,448,169,18,51,72,29,8,41.74,415,5,39,16,15,79,12,27,1
8362,142188,0,0,16,86,219,93,0,56,31,58.32,23,88,100,100,75,52,77,82,4
8363,88750,28,135,312,211,286,72,0,40,19,51.95,187,73,81,100,45,65,58,70,4
8364,63977,180,392,562,436,504,67,72,33,17,45.09,642,57,74,16,24,66,25,44,2
8365,46053,136,282,310,145,66,54,78,18,8,42.16,357,31,48,11,3,78,13,31,1
8366,56653,344,442,611,549,94,56,77,35,46,49.2,595,47,53,12,32,39,47,38,2
8367,34722,331,418,584,150,31,49,85,29,26,42.29,491,13,31,7,16,58,14,23,1
8368,18853,500,423,290,101,53,42,68,18,2,43.47,362,1,13,19,3,95,18,25,1
8369,31587,174,370,175,100,56,48,83,29,8,44.49,301,6,31,8,14,79,22,27,1
8370,34342,215,443,480,181,125,54,88,26,6,46.33,470,12,47,5,11,82,32,32,1
8371,45530,289,196,447,226,154,56,40,33,13,45.69,338,30,54,44,24,71,29,42,2
8373,32712,204,665,541,141,137,52,71,39,4,44.67,432,9,42,17,40,86,24,36,2
8374,37083,300,476,421,180,55,49,88,29,4,45.94,428,17,33,5,16,89,30,32,1
8378,58264,246,430,421,415,231,59,68,25,10,42.62,491,49,62,19,9,76,15,38,2
8380,50625,170,407,488,451,224,62,79,28,18,42.33,446,37,66,10,14,65,14,35,2
8381,114167,301,255,212,206,251,58,38,19,20,53.16,206,83,56,47,4,64,62,53,3
8382,85000,61,72,78,239,233,75,22,34,34,60.25,129,72,84,75,27,50,83,65,3
8383,90417,129,301,224,484,295,67,18,24,14,58.48,335,73,75,81,8,70,77,64,3
8386,17373,364,198,407,6,0,41,100,15,4,40.81,305,0,11,1,2,86,8,18,1
8387,25921,873,930,836,80,94,43,91,22,1,40.07,997,3,15,3,6,99,6,22,1
8388,28716,469,727,509,99,56,44,63,38,38,39.92,575,5,19,23,39,46,5,23,1
8390,123899,53,116,889,1923,2067,83,40,49,14,69.92,1011,85,95,45,63,70,94,75,4
8391,158438,176,279,420,1605,1375,79,24,41,30,69.92,437,92,89,71,47,53,94,74,4
8392,61442,201,234,546,489,493,69,37,43,29,43.44,346,54,77,49,50,54,18,50,3
8395,108000,306,153,196,401,247,62,45,37,10,54.54,164,81,67,37,34,76,64,60,3
8396,63690,175,392,403,449,239,62,77,40,5,47.51,283,57,68,12,43,86,38,51,3
8397,69815,450,649,658,820,507,62,31,40,42,56.46,799,63,67,59,44,43,71,58,3
8398,61528,342,382,527,419,394,61,29,36,48,71.1,429,54,66,64,34,37,96,58,3
8399,84750,389,660,730,782,504,62,25,51,39,60.7,730,72,68,69,66,45,84,67,4
8400,95000,302,550,429,509,342,60,15,59,56,68.9,510,75,63,85,77,32,93,71,4
8401,51883,441,673,348,434,150,52,9,38,63,71.8,430,41,41,92,37,26,96,56,3
8402,77917,439,376,277,288,169,52,13,53,72,66.22,396,68,41,89,70,19,90,63,3
8403,52551,821,1016,567,410,173,47,51,60,75,53.68,799,42,27,31,78,17,63,43,2
8404,53194,692,608,428,444,301,52,11,56,70,49.7,602,44,42,91,74,21,49,53,3
8407,39016,976,408,606,273,98,44,48,25,81,42.19,847,20,17,35,9,13,13,18,1
8408,33000,851,526,344,87,0,36,49,37,96,38.74,725,9,2,33,34,0,3,14,1
8410,111364,17,56,103,117,219,78,43,47,21,44.47,130,82,87,40,60,62,22,59,3
8411,34083,2288,1506,403,815,408,44,11,41,82,64.43,1033,12,16,91,46,9,89,44,2
8412,46979,1031,921,585,707,500,53,49,31,67,51.77,1200,32,45,33,20,24,58,35,2
8413,54722,1081,684,646,595,278,50,33,33,73,52.22,953,46,35,55,25,18,59,40,2
8414,43500,91,332,419,90,4,51,79,26,7,38.32,313,25,38,11,11,80,1,28,1
8415,31912,278,541,670,166,70,51,93,22,5,39.17,696,7,38,2,6,86,3,24,1
8416,23387,240,176,142,83,32,45,100,23,11,37.73,199,2,20,1,7,74,1,17,1
8417,35068,418,261,214,57,23,40,32,16,26,39.17,234,14,7,57,2,58,3,23,1
8418,41288,148,400,704,129,118,56,68,44,7,41.26,434,22,51,19,54,81,10,39,2
8419,125992,197,336,419,1154,1126,77,9,69,30,54.59,567,86,86,93,86,54,65,78,4
8420,132031,160,371,285,274,239,61,7,73,35,54.54,116,87,64,95,88,50,64,75,4
8421,35850,887,1240,1362,441,213,50,60,48,47,43.19,1200,15,34,24,61,37,17,32,1
8422,124063,80,301,289,1016,470,74,40,49,16,52.66,586,85,83,44,63,67,60,67,3
8423,146046,66,111,549,1432,856,79,12,53,10,56.43,671,89,89,90,70,76,71,81,4
8424,49205,260,424,755,331,157,57,48,61,8,39.97,363,36,55,35,80,79,6,48,3
8425,9385,215,407,355,65,33,47,100,11,0,38.67,755,0,26,1,1,100,2,22,1
8426,59974,527,1086,742,351,202,50,33,54,32,45.74,846,52,37,55,72,52,29,50,3
8428,31780,1435,1636,634,295,82,40,41,40,87,51.74,1609,7,9,43,45,5,57,28,1
8429,25299,525,462,501,166,107,47,79,20,9,47.81,461,3,27,10,5,77,40,27,1
8430,25400,461,430,410,110,33,44,90,17,3,41.92,424,3,17,4,3,92,12,22,1
8431,34527,205,428,398,77,89,50,90,26,4,37.12,308,13,36,4,10,88,0,25,1
8432,48659,526,291,413,370,199,54,57,32,67,49.53,531,35,46,26,23,24,48,34,2
8433,52955,204,234,215,104,41,49,49,25,30,41.32,204,43,31,32,9,54,10,30,1
8434,32176,148,256,273,34,21,47,76,38,26,43.25,165,8,26,13,37,58,18,26,1
8435,29737,3636,2919,1204,224,33,35,56,40,23,37.98,369,6,1,27,46,60,1,23,1
8436,66750,169,330,604,513,297,65,80,30,4,49.88,585,60,72,9,17,86,50,49,3
8437,140179,174,159,239,365,368,69,14,50,31,67.44,439,88,78,87,65,53,93,77,4
8438,46212,133,502,453,100,41,50,58,47,11,44.2,336,31,37,26,60,74,21,41,2
8439,51538,287,499,681,539,470,63,79,35,8,44.15,521,40,70,11,29,79,20,42,2
9801,0,0,0,0,0,0,0,0,0,0,0,0,0,0,0,0,0,0,0,3
