Geo Point;Geo Shape;intptlat;name;funcstat;intptlon;namelsad;geoid;awater;gid;countyfp;mtfcc;tractce;statefp;aland
40.7560012355,-74.0515293134;"{""type"": ""MultiPolygon"", ""coordinates"": [[[[-74.057938, 40.754165], [-74.057171, 40.754887], [-74.056283, 40.755731], [-74.055648, 40.756363], [-74.055224, 40.756785], [-74.055166, 40.756845], [-74.05458, 40.757456], [-74.053946, 40.758201], [-74.053343, 40.759016], [-74.052069, 40.760901], [-74.051955, 40.760707], [-74.051849, 40.760566], [-74.051789, 40.760487], [-74.051555, 40.760292], [-74.051264, 40.76013], [-74.051211, 40.76011], [-74.050294, 40.759752], [-74.050036, 40.759652], [-74.049852, 40.75956], [-74.049807, 40.759537], [-74.049743, 40.759488], [-74.049628, 40.759362], [-74.049583, 40.759293], [-74.049472, 40.759123], [-74.049396, 40.758961], [-74.049244, 40.758667], [-74.049171, 40.75859], [-74.049045, 40.758499], [-74.048948, 40.758451], [-74.048922, 40.758442], [-74.04586, 40.75737], [-74.046339, 40.756672], [-74.046749, 40.756073], [-74.045768, 40.755692], [-74.046232, 40.755012], [-74.04664, 40.754413], [-74.047101, 40.753735], [-74.048137, 40.754151], [-74.048164, 40.754124], [-74.048782, 40.753736], [-74.048993, 40.753662], [-74.049061, 40.753638], [-74.049447, 40.753543], [-74.050265, 40.753398], [-74.050828, 40.753299], [-74.051111, 40.753209], [-74.051345, 40.753094], [-74.051852, 40.752849], [-74.052234, 40.752662], [-74.052537, 40.752514], [-74.053078, 40.752259], [-74.053105, 40.752237], [-74.053991, 40.752584], [-74.054838, 40.752915], [-74.055695, 40.75325], [-74.056167, 40.75357], [-74.056662, 40.753789], [-74.056786, 40.753635], [-74.057721, 40.754066], [-74.057938, 40.754165]]]]}";+40.7560012;1;S;-074.0515293;Census Tract 1;34017000100;0;40814;017;G5020;000100;34;515736
40.7089087215,-74.0852231742;"{""type"": ""MultiPolygon"", ""coordinates"": [[[[-74.092646, 40.711658], [-74.092273, 40.711896], [-74.091213, 40.7125], [-74.090814, 40.71274], [-74.090271, 40.713062], [-74.089559, 40.712581], [-74.088993, 40.712198], [-74.088554, 40.711904], [-74.087928, 40.711485], [-74.087545, 40.711228], [-74.085578, 40.709912], [-74.085501, 40.710148], [-74.085288, 40.71049], [-74.085043, 40.710736], [-74.084541, 40.711240000000004], [-74.084446, 40.711332], [-74.083415, 40.710691], [-74.083778, 40.710224], [-74.081484, 40.708731], [-74.078086, 40.70652], [-74.078143, 40.706414], [-74.078438, 40.705868], [-74.078652, 40.705471], [-74.078665, 40.705448], [-74.078856, 40.70525], [-74.079453, 40.704631], [-74.080389, 40.705328], [-74.083287, 40.707241], [-74.083954, 40.706691], [-74.084677, 40.706097], [-74.086291, 40.70713], [-74.086165, 40.707282], [-74.087242, 40.707995], [-74.089842, 40.709719], [-74.091515, 40.710874], [-74.092706, 40.711616], [-74.092646, 40.711658]]]]}";+40.7089087;52;S;-074.0852230;Census Tract 52;34017005200;0;41576;017;G5020;005200;34;376346
40.7292291052,-74.031668568;"{""type"": ""MultiPolygon"", ""coordinates"": [[[[-74.043788, 40.736137], [-74.043451, 40.736182], [-74.042931, 40.736251], [-74.042794, 40.736031], [-74.042333, 40.735937], [-74.040436, 40.736302], [-74.038762, 40.736404], [-74.036852, 40.735828], [-74.035284, 40.735301], [-74.033688, 40.734811], [-74.033532, 40.734763], [-74.032952, 40.734584], [-74.032525, 40.734453], [-74.032261, 40.734372], [-74.032048, 40.734287], [-74.031807, 40.734192], [-74.031236, 40.733965], [-74.030525, 40.733683], [-74.030304, 40.733562], [-74.030038, 40.733372], [-74.029509, 40.733035], [-74.022888, 40.731061], [-74.020405, 40.730321], [-74.020724, 40.729016], [-74.020775, 40.728811], [-74.021104, 40.727468], [-74.021117, 40.727417], [-74.021516, 40.725448], [-74.021561, 40.725218], [-74.021588, 40.725088], [-74.021961, 40.723586], [-74.029535, 40.724136], [-74.035851, 40.724344], [-74.035813, 40.724434], [-74.036105, 40.724459], [-74.036928, 40.72453], [-74.037736, 40.724599], [-74.038701, 40.724681], [-74.039086, 40.724733], [-74.03912, 40.724737], [-74.039732, 40.724916], [-74.040003, 40.725006], [-74.040457, 40.725056], [-74.040338, 40.725804], [-74.040233, 40.726463], [-74.04002, 40.727924], [-74.039916, 40.728654], [-74.039832, 40.729227], [-74.039691, 40.730105], [-74.039582, 40.730787], [-74.039462, 40.73154], [-74.039359, 40.732214], [-74.039249, 40.732936], [-74.03905, 40.734258], [-74.03908, 40.734273], [-74.039454, 40.734338], [-74.040041, 40.734415], [-74.040487, 40.734436], [-74.040676, 40.734455], [-74.041042, 40.734492], [-74.042202, 40.734772], [-74.04397, 40.734936], [-74.043788, 40.736137]]]]}";+40.7301369;77;S;-074.0303464;Census Tract 77;34017007700;694983;42068;017;G5020;007700;34;1010012
40.7084735324,-74.0626129837;"{""type"": ""MultiPolygon"", ""coordinates"": [[[[-74.072488, 40.702406], [-74.071757, 40.702726], [-74.070704, 40.703187], [-74.070417, 40.703322], [-74.070128, 40.703461], [-74.070184, 40.703507], [-74.070274, 40.703575], [-74.070447, 40.703726], [-74.071041, 40.704223999999996], [-74.071815, 40.704874], [-74.069451, 40.706582], [-74.067186, 40.708214], [-74.065728, 40.70926], [-74.064936, 40.709831], [-74.063658, 40.710714], [-74.063422, 40.710876999999996], [-74.062625, 40.711451], [-74.061453, 40.712297], [-74.060231, 40.713178], [-74.059727, 40.713541], [-74.059023, 40.714034], [-74.057814, 40.714879], [-74.056747, 40.715642], [-74.056578, 40.715763], [-74.056149, 40.71607], [-74.055867, 40.716272000000004], [-74.055742, 40.715939], [-74.054817, 40.714065], [-74.054567, 40.713558], [-74.054341, 40.712814], [-74.054334, 40.712712], [-74.054296, 40.712173], [-74.054482, 40.711442], [-74.054598, 40.711151], [-74.054718, 40.710849], [-74.054865, 40.710648], [-74.055163, 40.710239], [-74.055401, 40.709914], [-74.056012, 40.70937], [-74.056495, 40.709115], [-74.05726, 40.708712], [-74.058678, 40.708009], [-74.05888, 40.70791], [-74.059412, 40.707638], [-74.059661, 40.707511], [-74.061661, 40.706405], [-74.0626, 40.705908], [-74.063815, 40.705257], [-74.064445, 40.704882], [-74.064998, 40.704332], [-74.065411, 40.703921], [-74.066664, 40.702675], [-74.067157, 40.702184], [-74.067421, 40.701921], [-74.067923, 40.701499], [-74.068518, 40.700999], [-74.068728, 40.700866], [-74.068921, 40.701025], [-74.069602, 40.701577], [-74.06965, 40.701605], [-74.069825, 40.70171], [-74.070063, 40.701825], [-74.070287, 40.701919], [-74.070631, 40.701995], [-74.071414, 40.702169], [-74.072278, 40.70236], [-74.072488, 40.702406]]]]}";+40.7084735;47;S;-074.0626134;Census Tract 47;34017004700;0;41574;017;G5020;004700;34;886317
40.7260848291,-74.0886813409;"{""type"": ""MultiPolygon"", ""coordinates"": [[[[-74.098539, 40.727282], [-74.098497, 40.727361], [-74.0947, 40.73447], [-74.093788, 40.73424], [-74.093534, 40.734222], [-74.093487, 40.734214], [-74.085798, 40.730767], [-74.085221, 40.730507], [-74.085152, 40.730478], [-74.084128, 40.73003], [-74.082452, 40.729278], [-74.081641, 40.728913], [-74.080868, 40.728565], [-74.080828, 40.728547], [-74.081387, 40.727838], [-74.08187, 40.727226], [-74.081715, 40.727156], [-74.081886, 40.726901], [-74.080417, 40.726193], [-74.079847, 40.72574], [-74.080077, 40.72537], [-74.079193, 40.724973], [-74.07822, 40.724536], [-74.078259, 40.72449], [-74.078922, 40.723722], [-74.079456, 40.723124], [-74.08009, 40.722431], [-74.080655, 40.721802], [-74.080698, 40.721745], [-74.081357, 40.720872], [-74.081798, 40.720318], [-74.081949, 40.72014], [-74.082351, 40.719669], [-74.082438, 40.719574], [-74.082966, 40.718996], [-74.083498, 40.718512], [-74.083633, 40.718382], [-74.083703, 40.718315], [-74.084184, 40.717853], [-74.084561, 40.717461], [-74.084746, 40.717269], [-74.088405, 40.719246], [-74.088428, 40.719259], [-74.091753, 40.721013], [-74.091371, 40.721677], [-74.090874, 40.722543], [-74.091097, 40.722629], [-74.091171, 40.722677], [-74.091358, 40.722758], [-74.093997, 40.723896], [-74.096657, 40.725016], [-74.099086, 40.726101], [-74.098539, 40.727282]]]]}";+40.7291273;40;S;-074.0915582;Census Tract 40;34017004000;183690;41571;017;G5020;004000;34;1564834
40.7198114469,-74.0489344785;"{""type"": ""MultiPolygon"", ""coordinates"": [[[[-74.050839, 40.719561], [-74.050488, 40.720234], [-74.050118, 40.720941], [-74.049788, 40.721572], [-74.04976, 40.721626], [-74.048197, 40.721139], [-74.046689, 40.720669], [-74.046709, 40.720631], [-74.047053, 40.719984], [-74.047438, 40.719286], [-74.047808, 40.718617], [-74.048148, 40.717989], [-74.049671, 40.718475], [-74.051171, 40.718955], [-74.050839, 40.719561]]]]}";+40.7198114;35;S;-074.0489345;Census Tract 35;34017003500;0;41570;017;G5020;003500;34;89372
40.7188225221,-74.094777864;"{""type"": ""MultiPolygon"", ""coordinates"": [[[[-74.103772, 40.718722], [-74.100044, 40.724593], [-74.099086, 40.726101], [-74.096657, 40.725016], [-74.093997, 40.723896], [-74.091358, 40.722758], [-74.091171, 40.722677], [-74.091097, 40.722629], [-74.090874, 40.722543], [-74.091371, 40.721677], [-74.091753, 40.721013], [-74.088428, 40.719259], [-74.088405, 40.719246], [-74.084746, 40.717269], [-74.085343, 40.716723], [-74.085516, 40.71658], [-74.085568, 40.716542], [-74.085987, 40.716236], [-74.086351, 40.715972], [-74.086641, 40.71576], [-74.086721, 40.715703], [-74.087012, 40.71548], [-74.087304, 40.715256], [-74.087856, 40.714834], [-74.088032, 40.714701], [-74.088335, 40.714473], [-74.088612, 40.714244], [-74.08887, 40.714031], [-74.089268, 40.713703], [-74.089434, 40.713573], [-74.090028, 40.713208], [-74.090271, 40.713062], [-74.090814, 40.71274], [-74.091213, 40.7125], [-74.092273, 40.711896], [-74.092499, 40.712049], [-74.09549, 40.714067], [-74.095515, 40.714084], [-74.096417, 40.714579], [-74.096506, 40.714613], [-74.096654, 40.714701], [-74.09676, 40.714764], [-74.096816, 40.714797], [-74.09831, 40.715684], [-74.101716, 40.717738], [-74.101674, 40.717768], [-74.101595, 40.717752], [-74.10158, 40.717884], [-74.101592, 40.717995], [-74.103774, 40.718694], [-74.103772, 40.718722]]]]}";+40.7205537;48;S;-074.0956407;Census Tract 48;34017004800;305932;41539;017;G5020;004800;34;942056
40.7137145231,-74.0849328502;"{""type"": ""MultiPolygon"", ""coordinates"": [[[[-74.090028, 40.713208], [-74.089434, 40.713573], [-74.089268, 40.713703], [-74.08887, 40.714031], [-74.088612, 40.714244], [-74.088335, 40.714473], [-74.088032, 40.714701], [-74.087856, 40.714834], [-74.087304, 40.715256], [-74.087012, 40.71548], [-74.086721, 40.715703], [-74.086641, 40.71576], [-74.086351, 40.715972], [-74.085987, 40.716236], [-74.085568, 40.716542], [-74.085516, 40.71658], [-74.085343, 40.716723], [-74.084746, 40.717269], [-74.084561, 40.717461], [-74.083874, 40.717095], [-74.082676, 40.716456], [-74.081742, 40.715958], [-74.079886, 40.714968], [-74.080144, 40.714734], [-74.080229, 40.714645], [-74.080519, 40.714338], [-74.080792, 40.714012], [-74.081362, 40.713334], [-74.081517, 40.713133], [-74.081645, 40.712968], [-74.081807, 40.712759], [-74.082067, 40.712426], [-74.082291, 40.712137], [-74.082503, 40.711865], [-74.082816, 40.711461], [-74.082954, 40.711284], [-74.083415, 40.710691], [-74.084446, 40.711332], [-74.084541, 40.711240000000004], [-74.085043, 40.710736], [-74.085288, 40.71049], [-74.085501, 40.710148], [-74.085578, 40.709912], [-74.087545, 40.711228], [-74.087928, 40.711485], [-74.088554, 40.711904], [-74.088993, 40.712198], [-74.089559, 40.712581], [-74.090271, 40.713062], [-74.090028, 40.713208]]]]}";+40.7137145;49;S;-074.0849329;Census Tract 49;34017004900;0;41575;017;G5020;004900;34;369559
40.7333187281,-74.0621588767;"{""type"": ""MultiPolygon"", ""coordinates"": [[[[-74.066731, 40.735782], [-74.065003, 40.735575], [-74.064933, 40.735567], [-74.064489, 40.735514], [-74.063122, 40.73535], [-74.060295, 40.734986], [-74.059263, 40.734854], [-74.05802, 40.733275], [-74.058088, 40.733237], [-74.058524, 40.733], [-74.059449, 40.732498], [-74.059602, 40.7326], [-74.059701, 40.732345], [-74.059852, 40.732068], [-74.060036, 40.731841], [-74.060084, 40.731772], [-74.060454, 40.731281], [-74.060671, 40.731092], [-74.060902, 40.730834], [-74.061092, 40.730622], [-74.061172, 40.730533], [-74.061205, 40.73049], [-74.061257, 40.730423], [-74.062158, 40.730524], [-74.063128, 40.730629], [-74.063233, 40.730641], [-74.064141, 40.730741], [-74.064284, 40.730932], [-74.064113, 40.731723], [-74.064118, 40.731745], [-74.063861, 40.732048], [-74.063384, 40.732609], [-74.06392, 40.733059], [-74.064334, 40.733419], [-74.064868, 40.733884], [-74.065022, 40.734018], [-74.065271, 40.734235], [-74.0659, 40.73474], [-74.066161, 40.734949], [-74.066445, 40.735127], [-74.066914, 40.735398], [-74.066731, 40.735782]]]]}";+40.7333187;19;S;-074.0621589;Census Tract 19;34017001900;0;40827;017;G5020;001900;34;231021
40.6943501698,-74.1000551553;"{""type"": ""MultiPolygon"", ""coordinates"": [[[[-74.106434, 40.697139], [-74.105429, 40.698172], [-74.104214, 40.69955], [-74.103661, 40.700177], [-74.102572, 40.701469], [-74.102271, 40.701825], [-74.101839, 40.702339], [-74.101737, 40.702299], [-74.101379, 40.702086], [-74.101442, 40.701983], [-74.101465, 40.701871], [-74.101434, 40.701754], [-74.101358, 40.701686], [-74.100351, 40.70122], [-74.100488, 40.70083], [-74.100287, 40.700778], [-74.09999, 40.70064], [-74.099978, 40.700634], [-74.099207, 40.699668], [-74.098528, 40.698837], [-74.097585, 40.697681], [-74.097265, 40.697358], [-74.097792, 40.696849], [-74.097846, 40.696797], [-74.09839, 40.696263], [-74.095942, 40.693365], [-74.096019, 40.693279], [-74.094956, 40.692088], [-74.093764, 40.690752], [-74.094006, 40.690623], [-74.094042, 40.690607], [-74.094495, 40.69041], [-74.094802, 40.690276], [-74.09558, 40.689942], [-74.096563, 40.68951], [-74.096985, 40.689047], [-74.097219, 40.688792], [-74.097491, 40.688465], [-74.097688, 40.688229], [-74.098114, 40.687717], [-74.098378, 40.6874], [-74.09867, 40.687078], [-74.098779, 40.686951], [-74.098859, 40.686858], [-74.099794, 40.685772], [-74.099834, 40.685726], [-74.099918, 40.685624], [-74.100077, 40.685914], [-74.100589, 40.686896], [-74.101122, 40.688075], [-74.100948, 40.688284], [-74.101389, 40.689104], [-74.101681, 40.690223], [-74.101745, 40.690579], [-74.101737, 40.690928], [-74.101505, 40.691383], [-74.10139, 40.691612], [-74.101793, 40.693079], [-74.102288, 40.694327], [-74.102586, 40.694902], [-74.102586, 40.695102], [-74.103623, 40.695655], [-74.10515, 40.696425], [-74.105673, 40.696603], [-74.106434, 40.697139]]]]}";+40.6943500;61;S;-074.1000550;Census Tract 61;34017006100;0;40900;017;G5020;006100;34;781972
40.7178344115,-74.0795515982;"{""type"": ""MultiPolygon"", ""coordinates"": [[[[-74.084184, 40.717853], [-74.083703, 40.718315], [-74.083633, 40.718382], [-74.083498, 40.718512], [-74.082966, 40.718996], [-74.082438, 40.719574], [-74.082351, 40.719669], [-74.081949, 40.72014], [-74.081798, 40.720318], [-74.081357, 40.720872], [-74.077781, 40.719399], [-74.076284, 40.718792], [-74.075402, 40.718434], [-74.074956, 40.718249], [-74.074106, 40.717898], [-74.074829, 40.716938999999996], [-74.075661, 40.715687], [-74.076701, 40.716226], [-74.077838, 40.716815], [-74.07813, 40.716611], [-74.078186, 40.716561], [-74.078442, 40.716326], [-74.079006, 40.715795], [-74.079645, 40.715191], [-74.079886, 40.714968], [-74.081742, 40.715958], [-74.082676, 40.716456], [-74.083874, 40.717095], [-74.084561, 40.717461], [-74.084184, 40.717853]]]]}";+40.7178344;42;S;-074.0795516;Census Tract 42;34017004200;0;40892;017;G5020;004200;34;297682
40.7197038352,-74.0710178107;"{""type"": ""MultiPolygon"", ""coordinates"": [[[[-74.075269, 40.718513], [-74.074753, 40.718907], [-74.074732, 40.718928], [-74.074447, 40.719219], [-74.074179, 40.719492], [-74.074105, 40.719567], [-74.073551, 40.72011], [-74.073408, 40.720257], [-74.072797, 40.7209], [-74.072107, 40.721626], [-74.071615, 40.722145], [-74.070944, 40.722872], [-74.070871, 40.72284], [-74.069595, 40.722147], [-74.068524, 40.721574], [-74.068362, 40.721069], [-74.067271, 40.720518], [-74.06714, 40.720452], [-74.067051, 40.72018], [-74.06673, 40.720201], [-74.066962, 40.720001], [-74.066986, 40.719978], [-74.067074, 40.719802], [-74.067185, 40.719563], [-74.067256, 40.719378], [-74.067279, 40.719304], [-74.067367, 40.719019], [-74.067469, 40.718645], [-74.067488, 40.718568], [-74.069162, 40.719303], [-74.069762, 40.718744], [-74.070615, 40.717624], [-74.07085, 40.716855], [-74.070859, 40.716838], [-74.070989, 40.71662], [-74.071532, 40.716841], [-74.072515, 40.71724], [-74.073389, 40.717601], [-74.074106, 40.717898], [-74.074956, 40.718249], [-74.075402, 40.718434], [-74.075269, 40.718513]]]]}";+40.7197038;41.02;S;-074.0710178;Census Tract 41.02;34017004102;0;41572;017;G5020;004102;34;237077
40.7133700123,-74.0482781029;"{""type"": ""MultiPolygon"", ""coordinates"": [[[[-74.056088, 40.717345], [-74.055685, 40.717302], [-74.054635, 40.717189], [-74.054036, 40.717125], [-74.052276, 40.716938], [-74.05058, 40.716746], [-74.048932, 40.71656], [-74.048101, 40.716456], [-74.047068, 40.716346], [-74.045961, 40.716225], [-74.045686, 40.71619], [-74.04492, 40.716059], [-74.042663, 40.715827], [-74.042785, 40.715235], [-74.042796, 40.715186], [-74.042921, 40.714583], [-74.042957, 40.714412], [-74.042688, 40.714384], [-74.042413, 40.714327], [-74.042196, 40.714232], [-74.042051, 40.714137], [-74.041744, 40.713758], [-74.041685, 40.713663], [-74.041599, 40.713558], [-74.041467, 40.713474], [-74.041515, 40.712902], [-74.041371, 40.712884], [-74.041475, 40.712367], [-74.041372, 40.712383], [-74.041221, 40.712317], [-74.041141, 40.71219], [-74.041141, 40.711997], [-74.041124, 40.711861999999996], [-74.041097, 40.711656], [-74.04112, 40.711497], [-74.041091, 40.711353], [-74.041373, 40.711337], [-74.041402, 40.711298], [-74.041293, 40.711161], [-74.04022, 40.711091], [-74.039754, 40.711061], [-74.039415, 40.711044], [-74.03927, 40.711105], [-74.038952, 40.711116], [-74.038463, 40.711107], [-74.038538, 40.710741], [-74.038542, 40.710722], [-74.03866, 40.710175], [-74.038685, 40.710213], [-74.038822, 40.710235], [-74.039119, 40.710295], [-74.039313, 40.710345], [-74.039329, 40.710395], [-74.039553, 40.710395], [-74.039661, 40.710384], [-74.03969, 40.710142], [-74.039705, 40.709905], [-74.039792, 40.709691], [-74.039921, 40.709768], [-74.040118, 40.709773], [-74.040355, 40.709806], [-74.040608, 40.709774], [-74.043714, 40.710107], [-74.044114, 40.71015], [-74.048501, 40.710669], [-74.048683, 40.710686], [-74.04887, 40.710757], [-74.049008, 40.710835], [-74.04999, 40.710989], [-74.051146, 40.711116], [-74.051162, 40.711188], [-74.051154, 40.711287], [-74.051088, 40.711375], [-74.050987, 40.711397], [-74.05082, 40.711446], [-74.050605, 40.711524], [-74.050583, 40.711562], [-74.05064, 40.711617], [-74.050798, 40.711667], [-74.051009, 40.711755], [-74.051209, 40.711786], [-74.05206, 40.709926], [-74.053687, 40.710067], [-74.053974, 40.710093], [-74.054225, 40.710148], [-74.054347, 40.710227], [-74.054865, 40.710648], [-74.054718, 40.710849], [-74.054598, 40.711151], [-74.054482, 40.711442], [-74.054296, 40.712173], [-74.054334, 40.712712], [-74.054341, 40.712814], [-74.054567, 40.713558], [-74.054817, 40.714065], [-74.055742, 40.715939], [-74.055867, 40.716272000000004], [-74.055969, 40.716541], [-74.056088, 40.717345]]]]}";+40.7131997;73;S;-074.0468136;Census Tract 73;34017007300;168714;42094;017;G5020;007300;34;612745
40.7131111464,-74.0311778635;"{""type"": ""MultiPolygon"", ""coordinates"": [[[[-74.041467, 40.713474], [-74.041451, 40.713546], [-74.041434, 40.713474], [-74.039834, 40.713308], [-74.038142, 40.713108], [-74.036449, 40.712916], [-74.036307, 40.713631], [-74.036148, 40.714429], [-74.036014, 40.7151], [-74.035869, 40.715827], [-74.035701, 40.716671], [-74.035602, 40.716871], [-74.035511, 40.71725], [-74.035505, 40.717274], [-74.034024, 40.717060000000004], [-74.03389, 40.717041], [-74.032857, 40.716892], [-74.032194, 40.71674], [-74.023386, 40.715774], [-74.02373, 40.713888], [-74.023886, 40.713032], [-74.024543, 40.709436], [-74.038538, 40.710741], [-74.038463, 40.711107], [-74.038952, 40.711116], [-74.03927, 40.711105], [-74.039415, 40.711044], [-74.039754, 40.711061], [-74.04022, 40.711091], [-74.041293, 40.711161], [-74.041402, 40.711298], [-74.041373, 40.711337], [-74.041091, 40.711353], [-74.04112, 40.711497], [-74.041097, 40.711656], [-74.041124, 40.711861999999996], [-74.041141, 40.711997], [-74.041141, 40.71219], [-74.041221, 40.712317], [-74.041372, 40.712383], [-74.041475, 40.712367], [-74.041371, 40.712884], [-74.041515, 40.712902], [-74.041467, 40.713474]]]]}";+40.7135280;74;S;-074.0345831;Census Tract 74;34017007400;610651;42067;017;G5020;007400;34;248154
40.7181380114,-74.0454718609;"{""type"": ""MultiPolygon"", ""coordinates"": [[[[-74.051171, 40.718955], [-74.049671, 40.718475], [-74.048148, 40.717989], [-74.047808, 40.718617], [-74.047438, 40.719286], [-74.047053, 40.719984], [-74.046709, 40.720631], [-74.046689, 40.720669], [-74.045124, 40.720182], [-74.042967, 40.71951], [-74.04182, 40.719153], [-74.041335, 40.719002], [-74.041358, 40.718796], [-74.041864, 40.718469], [-74.042014, 40.718372], [-74.042187, 40.718236], [-74.042239, 40.717978], [-74.042361, 40.717341], [-74.042501, 40.716602], [-74.042663, 40.715827], [-74.04492, 40.716059], [-74.045686, 40.71619], [-74.045675, 40.716277], [-74.045696, 40.716367], [-74.045709, 40.716405], [-74.04575, 40.716443], [-74.046928, 40.716829], [-74.048512, 40.717326], [-74.050033, 40.717786], [-74.051559, 40.718247], [-74.051171, 40.718955]]]]}";+40.7181380;64;S;-074.0454719;Census Tract 64;34017006400;0;42077;017;G5020;006400;34;218894
40.7043624074,-74.0834033598;"{""type"": ""MultiPolygon"", ""coordinates"": [[[[-74.087312, 40.703881], [-74.086631, 40.704494], [-74.086551, 40.704566], [-74.086015, 40.705004], [-74.085347, 40.70555], [-74.084677, 40.706097], [-74.083954, 40.706691], [-74.083287, 40.707241], [-74.080389, 40.705328], [-74.079453, 40.704631], [-74.079988, 40.704077], [-74.080574, 40.70347], [-74.081205, 40.702816], [-74.081704, 40.702303], [-74.081788, 40.70222], [-74.082348, 40.701667], [-74.082364, 40.701684], [-74.083286, 40.702291], [-74.083881, 40.702683], [-74.085258, 40.70359], [-74.085945, 40.702958], [-74.086572, 40.702382], [-74.087974, 40.703285], [-74.087312, 40.703881]]]]}";+40.7043624;55;S;-074.0834034;Census Tract 55;34017005500;0;42214;017;G5020;005500;34;216661
40.6999924833,-74.0444774065;"{""type"": ""MultiPolygon"", ""coordinates"": [[[[-74.068728, 40.700866], [-74.068518, 40.700999], [-74.067923, 40.701499], [-74.067421, 40.701921], [-74.067157, 40.702184], [-74.066664, 40.702675], [-74.065411, 40.703921], [-74.064998, 40.704332], [-74.064445, 40.704882], [-74.063815, 40.705257], [-74.0626, 40.705908], [-74.061661, 40.706405], [-74.059661, 40.707511], [-74.059412, 40.707638], [-74.05888, 40.70791], [-74.058678, 40.708009], [-74.05726, 40.708712], [-74.056495, 40.709115], [-74.056012, 40.70937], [-74.055401, 40.709914], [-74.055163, 40.710239], [-74.054865, 40.710648], [-74.054347, 40.710227], [-74.054225, 40.710148], [-74.053974, 40.710093], [-74.053687, 40.710067], [-74.05206, 40.709926], [-74.051209, 40.711786], [-74.051009, 40.711755], [-74.050798, 40.711667], [-74.05064, 40.711617], [-74.050583, 40.711562], [-74.050605, 40.711524], [-74.05082, 40.711446], [-74.050987, 40.711397], [-74.051088, 40.711375], [-74.051154, 40.711287], [-74.051162, 40.711188], [-74.051146, 40.711116], [-74.04999, 40.710989], [-74.049008, 40.710835], [-74.04887, 40.710757], [-74.048683, 40.710686], [-74.048501, 40.710669], [-74.044114, 40.71015], [-74.043714, 40.710107], [-74.040608, 40.709774], [-74.040355, 40.709806], [-74.040118, 40.709773], [-74.039921, 40.709768], [-74.039792, 40.709691], [-74.039705, 40.709905], [-74.03969, 40.710142], [-74.039661, 40.710384], [-74.039553, 40.710395], [-74.039329, 40.710395], [-74.039313, 40.710345], [-74.039119, 40.710295], [-74.038822, 40.710235], [-74.038685, 40.710213], [-74.03866, 40.710175], [-74.038542, 40.710722], [-74.038538, 40.710741], [-74.024543, 40.709436], [-74.024945, 40.707233], [-74.0254, 40.704739000000004], [-74.02597, 40.701624], [-74.026284, 40.699902], [-74.033494, 40.688348], [-74.034444, 40.686827], [-74.035844, 40.684492], [-74.04378, 40.687428], [-74.052814, 40.69077], [-74.053941, 40.691654], [-74.054221, 40.691864], [-74.054179, 40.69193], [-74.054185, 40.69204], [-74.054249, 40.692079], [-74.054366, 40.692134], [-74.054496, 40.692178], [-74.054517, 40.692206], [-74.054575, 40.69231], [-74.054611, 40.692365], [-74.054729, 40.692436], [-74.054893, 40.692542], [-74.055068, 40.692617], [-74.055239, 40.692696], [-74.055286, 40.692722], [-74.05537, 40.692768], [-74.055384, 40.692812], [-74.055435, 40.692905], [-74.055597, 40.693041], [-74.05661, 40.693003], [-74.058936, 40.694121], [-74.06233, 40.695968], [-74.06329, 40.696512], [-74.064046, 40.697175], [-74.064692, 40.697537], [-74.065259, 40.697844], [-74.066013, 40.698275], [-74.06622, 40.698404], [-74.066458, 40.698587], [-74.066657, 40.698775], [-74.067414, 40.699465000000004], [-74.067757, 40.69972], [-74.068021, 40.699932], [-74.06835, 40.700157], [-74.068448, 40.700223], [-74.06821, 40.700436], [-74.068276, 40.70049], [-74.068648, 40.7008], [-74.068728, 40.700866]], [[-74.040346, 40.700387], [-74.040302, 40.700275], [-74.040292, 40.700171], [-74.040209, 40.700142], [-74.040121, 40.700101], [-74.040101, 40.700034], [-74.040175, 40.699908], [-74.04017, 40.699837], [-74.04015, 40.699737], [-74.040106, 40.699618], [-74.040003, 40.699547], [-74.039876, 40.699447], [-74.039734, 40.699373], [-74.039665, 40.699276], [-74.040155, 40.699276], [-74.039817, 40.699009], [-74.039732, 40.699026], [-74.039663, 40.69908], [-74.039631, 40.699134], [-74.039565, 40.699177], [-74.03949, 40.699153], [-74.039432, 40.699081], [-74.039391, 40.698977], [-74.039324, 40.698909], [-74.039204, 40.698868], [-74.038976, 40.698865], [-74.038815, 40.69888], [-74.038583, 40.698916], [-74.038441, 40.698972], [-74.038295, 40.699032], [-74.038176, 40.699087], [-74.038141, 40.69915], [-74.0382, 40.699218], [-74.03833, 40.699249], [-74.039403, 40.700468], [-74.039491, 40.700509], [-74.039608, 40.700538], [-74.039726, 40.70059], [-74.039795, 40.700627], [-74.039932, 40.700653], [-74.040064, 40.700635], [-74.040177, 40.700605], [-74.040312, 40.700539], [-74.040361, 40.700476], [-74.040346, 40.700387]], [[-74.047285, 40.690503], [-74.046995, 40.690173], [-74.046751, 40.689859], [-74.04657, 40.689639], [-74.04647, 40.68949], [-74.046144, 40.68927], [-74.045883, 40.689143], [-74.045616, 40.689022], [-74.04537, 40.688878], [-74.045074, 40.688735], [-74.044794, 40.688658], [-74.044569, 40.688581], [-74.044396, 40.688542], [-74.044208, 40.688608], [-74.043977, 40.688658], [-74.043803, 40.688757], [-74.043658, 40.688861], [-74.043586, 40.688982], [-74.043556, 40.689147], [-74.043513, 40.689274], [-74.043521, 40.689588], [-74.043556, 40.689725], [-74.043664, 40.689935], [-74.043773, 40.690083], [-74.043917, 40.690215], [-74.043931, 40.690225], [-74.044048, 40.690309], [-74.044279, 40.690463], [-74.044531, 40.690584], [-74.044848, 40.690728], [-74.045297, 40.690899], [-74.04586, 40.691102], [-74.04607, 40.691185], [-74.046265, 40.691158], [-74.046568, 40.691147], [-74.046895, 40.691125], [-74.047097, 40.691142], [-74.047169, 40.691114], [-74.047249, 40.690999], [-74.047234, 40.69085], [-74.047212, 40.690723], [-74.047184, 40.690685], [-74.047119, 40.690646], [-74.047104, 40.690564], [-74.047133, 40.690542], [-74.047285, 40.690503]]]]}";+40.6976775;9801;S;-074.0421525;Census Tract 9801;34017980100;3968774;42076;017;G5020;980100;34;2927588
40.7248851223,-74.0583365501;"{""type"": ""MultiPolygon"", ""coordinates"": [[[[-74.062034, 40.726603], [-74.06152, 40.727281], [-74.061211, 40.727679], [-74.061146, 40.727764], [-74.060673, 40.728375], [-74.060125, 40.729084], [-74.060011, 40.729214], [-74.059889, 40.729298], [-74.059687, 40.729426], [-74.059494, 40.729543], [-74.059389, 40.729418], [-74.059272, 40.729278], [-74.059014, 40.72896], [-74.058623, 40.72853], [-74.058301, 40.728254], [-74.05749, 40.727551], [-74.057397, 40.727462], [-74.057015, 40.727071], [-74.056983, 40.727032], [-74.056636, 40.726612], [-74.055389, 40.724775], [-74.054841, 40.723996], [-74.054711, 40.723803], [-74.054562, 40.723618], [-74.054443, 40.723493], [-74.054395, 40.723443], [-74.054362, 40.723413], [-74.054484, 40.723074], [-74.054538, 40.722924], [-74.054693, 40.722495], [-74.055215, 40.720991], [-74.055313, 40.721024], [-74.055396, 40.721051], [-74.05545, 40.721069], [-74.056379, 40.72135], [-74.056989, 40.721534], [-74.057231, 40.721607], [-74.058467, 40.721982], [-74.058546, 40.722006], [-74.059643, 40.72234], [-74.059737, 40.722368], [-74.059878, 40.722411], [-74.061702, 40.722978], [-74.06106, 40.723576], [-74.061022, 40.723611], [-74.060612, 40.723993], [-74.060586, 40.724075], [-74.060606, 40.724149], [-74.060703, 40.724207], [-74.061651, 40.724514], [-74.06132, 40.724953], [-74.061292, 40.725412], [-74.061112, 40.725663], [-74.061111, 40.725753], [-74.061435, 40.726088], [-74.06159, 40.726246], [-74.061726, 40.726384], [-74.06196, 40.72655], [-74.062034, 40.726603]]]]}";+40.7248851;66;S;-074.0583365;Census Tract 66;34017006600;0;42066;017;G5020;006600;34;344312
40.7289058383,-74.0480270116;"{""type"": ""MultiPolygon"", ""coordinates"": [[[[-74.053901, 40.727592], [-74.053855, 40.727714], [-74.053791, 40.727885], [-74.053664, 40.728149], [-74.053518, 40.728396], [-74.052662, 40.729694], [-74.052121, 40.730448], [-74.051895, 40.730774], [-74.051817, 40.730887], [-74.051624, 40.731125], [-74.051491, 40.731093], [-74.051267, 40.731075], [-74.050484, 40.731032], [-74.050262, 40.731019], [-74.048437, 40.730896], [-74.048314, 40.730894], [-74.047968, 40.730871], [-74.047477, 40.730861], [-74.046351, 40.730701], [-74.044699, 40.730462], [-74.044674, 40.730461], [-74.0447, 40.730081], [-74.044689, 40.729933], [-74.044539, 40.729777], [-74.044332, 40.729663], [-74.043124, 40.729492], [-74.041499, 40.729346], [-74.041517, 40.729234], [-74.041569, 40.728792], [-74.041677, 40.728067], [-74.041797, 40.727327], [-74.041911, 40.726619], [-74.042007, 40.725913], [-74.043643, 40.726055], [-74.043535, 40.72677], [-74.043429, 40.727472], [-74.043318, 40.728209], [-74.043209, 40.728929], [-74.044902, 40.729071], [-74.046573, 40.72921], [-74.04668, 40.728526], [-74.046796, 40.727793], [-74.046912, 40.727052], [-74.048556, 40.72719], [-74.048448, 40.727925], [-74.050122, 40.728058], [-74.050234, 40.72733], [-74.051854, 40.727465], [-74.052821, 40.727569], [-74.05308, 40.726879], [-74.05317, 40.726638], [-74.053278, 40.726737], [-74.05341, 40.726868], [-74.053966, 40.727419], [-74.053901, 40.727592]]]]}";+40.7289059;72;S;-074.0480270;Census Tract 72;34017007200;0;42093;017;G5020;007200;34;296337
40.7235905627,-74.0476909708;"{""type"": ""MultiPolygon"", ""coordinates"": [[[[-74.049372, 40.722224], [-74.04937, 40.722233], [-74.049366, 40.722259], [-74.049253, 40.722918], [-74.049214, 40.723149], [-74.049125, 40.723665], [-74.049001, 40.724394], [-74.048885, 40.725071], [-74.048798, 40.725574], [-74.048763, 40.725779], [-74.048658, 40.72649], [-74.048556, 40.72719], [-74.046912, 40.727052], [-74.047023, 40.726347], [-74.047135, 40.725636], [-74.047165, 40.725444], [-74.047244, 40.724928], [-74.047346, 40.724253], [-74.045626, 40.724107], [-74.045737, 40.72336], [-74.045834, 40.722666], [-74.045843, 40.722638], [-74.046058, 40.721937], [-74.046156, 40.721618], [-74.046376, 40.721227], [-74.046689, 40.720669], [-74.048197, 40.721139], [-74.04976, 40.721626], [-74.049372, 40.722224]]]]}";+40.7235905;23;S;-074.0476910;Census Tract 23;34017002300;0;42207;017;G5020;002300;34;144800
40.7265797088,-74.0452694788;"{""type"": ""MultiPolygon"", ""coordinates"": [[[[-74.047244, 40.724928], [-74.047165, 40.725444], [-74.047135, 40.725636], [-74.047023, 40.726347], [-74.046912, 40.727052], [-74.046796, 40.727793], [-74.04668, 40.728526], [-74.046573, 40.72921], [-74.044902, 40.729071], [-74.043209, 40.728929], [-74.043318, 40.728209], [-74.043429, 40.727472], [-74.043535, 40.72677], [-74.043643, 40.726055], [-74.043737, 40.725336], [-74.043758, 40.725176], [-74.043839, 40.724629], [-74.043945, 40.723938], [-74.045626, 40.724107], [-74.047346, 40.724253], [-74.047244, 40.724928]]]]}";+40.7265797;24;S;-074.0452695;Census Tract 24;34017002400;0;40796;017;G5020;002400;34;159731
40.7532475284,-74.0469179926;"{""type"": ""MultiPolygon"", ""coordinates"": [[[[-74.051852, 40.752849], [-74.051345, 40.753094], [-74.051111, 40.753209], [-74.050828, 40.753299], [-74.050265, 40.753398], [-74.049447, 40.753543], [-74.049061, 40.753638], [-74.048993, 40.753662], [-74.048782, 40.753736], [-74.048164, 40.754124], [-74.048137, 40.754151], [-74.047101, 40.753735], [-74.04664, 40.754413], [-74.046232, 40.755012], [-74.045768, 40.755692], [-74.046749, 40.756073], [-74.046339, 40.756672], [-74.04586, 40.75737], [-74.044847, 40.757008], [-74.043682, 40.756591], [-74.043438, 40.755747], [-74.043406, 40.755635], [-74.043367, 40.755501], [-74.043216, 40.754922], [-74.04334, 40.754747], [-74.043829, 40.75406], [-74.044226, 40.753462], [-74.044702, 40.752773], [-74.04492, 40.752458], [-74.045167, 40.752102], [-74.045599, 40.751478], [-74.045985, 40.75092], [-74.046072, 40.750795], [-74.046401, 40.750312], [-74.046822, 40.749692], [-74.048497, 40.75037], [-74.049218, 40.750662], [-74.050441, 40.751157], [-74.050022, 40.751771], [-74.052234, 40.752662], [-74.051852, 40.752849]]]]}";+40.7532475;2;S;-074.0469181;Census Tract 2;34017000200;0;41346;017;G5020;000200;34;264301
40.7461480998,-74.0469441174;"{""type"": ""MultiPolygon"", ""coordinates"": [[[[-74.050838, 40.743839], [-74.05025, 40.744678], [-74.049772, 40.74536], [-74.049478, 40.74578], [-74.049347, 40.74597], [-74.048913, 40.746602], [-74.048469, 40.747248], [-74.048386, 40.747369], [-74.048023, 40.747898], [-74.047595, 40.748541], [-74.047189, 40.749151], [-74.047063, 40.749336], [-74.046369, 40.749082], [-74.04615, 40.748988], [-74.045507, 40.748748], [-74.045351, 40.74869], [-74.044663, 40.748454], [-74.044505, 40.748395], [-74.043784, 40.748124], [-74.042926, 40.747802], [-74.044162, 40.745814], [-74.044599, 40.745111], [-74.045187, 40.744204], [-74.045965, 40.744489], [-74.04683, 40.744807], [-74.047652, 40.745109], [-74.04843, 40.743941], [-74.049386, 40.742542], [-74.050234, 40.742893], [-74.051216, 40.743299], [-74.050838, 40.743839]]]]}";+40.7461481;7;S;-074.0469442;Census Tract 7;34017000700;0;40821;017;G5020;000700;34;230533
40.696028604,-74.0948277813;"{""type"": ""MultiPolygon"", ""coordinates"": [[[[-74.097846, 40.696797], [-74.097792, 40.696849], [-74.097265, 40.697358], [-74.096694, 40.697909], [-74.09627, 40.698318], [-74.095923, 40.698871], [-74.095812, 40.698965], [-74.095184, 40.699494], [-74.094444, 40.700117], [-74.092615, 40.697949], [-74.09303, 40.696926], [-74.0914, 40.695], [-74.091605, 40.694836], [-74.092472, 40.694114], [-74.093038, 40.693643], [-74.093132, 40.693569], [-74.093647, 40.693167], [-74.093948, 40.692919], [-74.094255, 40.692666], [-74.094956, 40.692088], [-74.096019, 40.693279], [-74.095942, 40.693365], [-74.09839, 40.696263], [-74.097846, 40.696797]]]]}";+40.6960286;62;S;-074.0948278;Census Tract 62;34017006200;0;42213;017;G5020;006200;34;269036
40.7144210973,-74.0765644367;"{""type"": ""MultiPolygon"", ""coordinates"": [[[[-74.080144, 40.714734], [-74.079886, 40.714968], [-74.079645, 40.715191], [-74.079006, 40.715795], [-74.078442, 40.716326], [-74.078186, 40.716561], [-74.07813, 40.716611], [-74.077838, 40.716815], [-74.076701, 40.716226], [-74.075661, 40.715687], [-74.074907, 40.715296], [-74.074337, 40.715001], [-74.073495, 40.71454], [-74.07301, 40.714286], [-74.073451, 40.713797], [-74.074069, 40.713112], [-74.074608, 40.712515], [-74.07511, 40.711945], [-74.077033, 40.712959], [-74.080229, 40.714645], [-74.080144, 40.714734]]]]}";+40.7144211;44;S;-074.0765644;Census Tract 44;34017004400;0;40893;017;G5020;004400;34;161415
40.7219777229,-74.0762100773;"{""type"": ""MultiPolygon"", ""coordinates"": [[[[-74.080698, 40.721745], [-74.080655, 40.721802], [-74.08009, 40.722431], [-74.079456, 40.723124], [-74.078922, 40.723722], [-74.078259, 40.72449], [-74.07822, 40.724536], [-74.077874, 40.724938], [-74.07759, 40.725301], [-74.077293, 40.725693], [-74.076464, 40.725323], [-74.075621, 40.724946], [-74.074107, 40.72427], [-74.073079, 40.72381], [-74.070944, 40.722872], [-74.071615, 40.722145], [-74.072107, 40.721626], [-74.072797, 40.7209], [-74.073408, 40.720257], [-74.073551, 40.72011], [-74.074105, 40.719567], [-74.074179, 40.719492], [-74.074447, 40.719219], [-74.074732, 40.718928], [-74.074753, 40.718907], [-74.075269, 40.718513], [-74.075402, 40.718434], [-74.076284, 40.718792], [-74.077781, 40.719399], [-74.081357, 40.720872], [-74.080698, 40.721745]]]]}";+40.7219777;41.01;S;-074.0762101;Census Tract 41.01;34017004101;0;40891;017;G5020;004101;34;377047
40.7440625855,-74.0440196633;"{""type"": ""MultiPolygon"", ""coordinates"": [[[[-74.049386, 40.742542], [-74.04843, 40.743941], [-74.047652, 40.745109], [-74.04683, 40.744807], [-74.045965, 40.744489], [-74.045187, 40.744204], [-74.044599, 40.745111], [-74.044162, 40.745814], [-74.042926, 40.747802], [-74.042074, 40.747482], [-74.041269, 40.74718], [-74.040669, 40.74805], [-74.040594, 40.74817], [-74.040274, 40.74868], [-74.039635, 40.748442], [-74.039564, 40.748645], [-74.038731, 40.748446], [-74.038935, 40.748053], [-74.039008, 40.747911], [-74.039201, 40.747539], [-74.039551, 40.746968], [-74.039782, 40.746668], [-74.039834, 40.7466], [-74.039875, 40.746546], [-74.040174, 40.746204], [-74.040777, 40.745497], [-74.041083, 40.745137], [-74.041321, 40.744834], [-74.041569, 40.744519], [-74.041692, 40.744342], [-74.041843, 40.744125], [-74.042106, 40.743675], [-74.042325, 40.743234], [-74.042445, 40.742861], [-74.042285, 40.741201], [-74.043227, 40.740362], [-74.043548, 40.740014], [-74.043652, 40.740139], [-74.043699, 40.740237], [-74.043702, 40.740279], [-74.043723, 40.740287], [-74.043902, 40.740341], [-74.043966, 40.74036], [-74.044139, 40.740397], [-74.044199, 40.740389], [-74.044301, 40.740321], [-74.04442, 40.74022], [-74.044858, 40.739883], [-74.044945, 40.739806], [-74.044992, 40.739731], [-74.045039, 40.739637], [-74.045083, 40.739601], [-74.045152, 40.739601], [-74.045202, 40.739637], [-74.045202, 40.739681], [-74.045163, 40.739749], [-74.044387, 40.740822], [-74.044381, 40.740878], [-74.044503, 40.740906], [-74.044557, 40.740892], [-74.044615, 40.740858], [-74.044713, 40.740811], [-74.044851, 40.740804], [-74.044942, 40.740829], [-74.04523, 40.740944999999996], [-74.046067, 40.741255], [-74.046899, 40.741563], [-74.047668, 40.741847], [-74.048518, 40.742162], [-74.049386, 40.742542]]]]}";+40.7440626;8;S;-074.0440197;Census Tract 8;34017000800;0;40822;017;G5020;000800;34;333693
40.7029458387,-74.0960031722;"{""type"": ""MultiPolygon"", ""coordinates"": [[[[-74.101839, 40.702339], [-74.101463, 40.702785], [-74.101096, 40.70325], [-74.100649, 40.703817], [-74.100462, 40.704131], [-74.10022, 40.704543], [-74.100135, 40.704777], [-74.100098, 40.704875], [-74.09983, 40.705611], [-74.09977, 40.706278], [-74.099612, 40.706202], [-74.098873, 40.705408], [-74.09827, 40.704646], [-74.098118, 40.705658], [-74.098083, 40.705893], [-74.097945, 40.706648], [-74.097888, 40.706799], [-74.097803, 40.706925], [-74.097533, 40.707175], [-74.097222, 40.707464], [-74.09695, 40.707716], [-74.096606, 40.708035], [-74.096404, 40.708223], [-74.094428, 40.706864], [-74.093457, 40.70621], [-74.091521, 40.704905], [-74.090495, 40.704171], [-74.090528, 40.704162], [-74.091692, 40.703581], [-74.090931, 40.703053], [-74.090728, 40.703217], [-74.089172, 40.702208], [-74.089704, 40.701732], [-74.090266, 40.701245], [-74.090316, 40.701214], [-74.091274, 40.700622], [-74.092239, 40.701549], [-74.092475, 40.701776], [-74.093112, 40.70124], [-74.093744, 40.700707], [-74.094444, 40.700117], [-74.095184, 40.699494], [-74.095812, 40.698965], [-74.095923, 40.698871], [-74.09627, 40.698318], [-74.096694, 40.697909], [-74.097265, 40.697358], [-74.097585, 40.697681], [-74.098528, 40.698837], [-74.099207, 40.699668], [-74.099978, 40.700634], [-74.09999, 40.70064], [-74.100287, 40.700778], [-74.100488, 40.70083], [-74.100351, 40.70122], [-74.101358, 40.701686], [-74.101434, 40.701754], [-74.101465, 40.701871], [-74.101442, 40.701983], [-74.101379, 40.702086], [-74.101737, 40.702299], [-74.101839, 40.702339]]]]}";+40.7029458;59;S;-074.0960032;Census Tract 59;34017005900;0;40898;017;G5020;005900;34;621752
40.7164540522,-74.0709263015;"{""type"": ""MultiPolygon"", ""coordinates"": [[[[-74.075661, 40.715687], [-74.074829, 40.716938999999996], [-74.074106, 40.717898], [-74.073389, 40.717601], [-74.072515, 40.71724], [-74.071532, 40.716841], [-74.070989, 40.71662], [-74.070859, 40.716838], [-74.07085, 40.716855], [-74.070615, 40.717624], [-74.069762, 40.718744], [-74.069162, 40.719303], [-74.067488, 40.718568], [-74.067562, 40.718256], [-74.067486, 40.717758], [-74.067322, 40.716961], [-74.067219, 40.716296], [-74.067131, 40.715731], [-74.067125, 40.71527], [-74.067192, 40.714901], [-74.067688, 40.71519], [-74.067933, 40.715333], [-74.068059, 40.715406], [-74.068967, 40.715143], [-74.069118, 40.715213], [-74.069187, 40.715245], [-74.069522, 40.715161], [-74.070803, 40.71484], [-74.07301, 40.714286], [-74.073495, 40.71454], [-74.074337, 40.715001], [-74.074907, 40.715296], [-74.075661, 40.715687]]]]}";+40.7164541;43;S;-074.0709263;Census Tract 43;34017004300;0;40802;017;G5020;004300;34;220217
40.7461585748,-74.052947324;"{""type"": ""MultiPolygon"", ""coordinates"": [[[[-74.057556, 40.745712], [-74.057375, 40.745986], [-74.056554, 40.74722], [-74.056165, 40.747812], [-74.05606, 40.747969], [-74.055738, 40.748451], [-74.055344, 40.74904], [-74.052996, 40.748193], [-74.052541, 40.748029], [-74.051308, 40.747544], [-74.050871, 40.7482], [-74.050437, 40.748854], [-74.048023, 40.747898], [-74.048386, 40.747369], [-74.048469, 40.747248], [-74.048913, 40.746602], [-74.049347, 40.74597], [-74.049478, 40.74578], [-74.049772, 40.74536], [-74.05025, 40.744678], [-74.050838, 40.743839], [-74.051216, 40.743299], [-74.051564, 40.742802], [-74.053943, 40.743768], [-74.055715, 40.74449], [-74.057822, 40.74535], [-74.057556, 40.745712]]]]}";+40.7461586;6;S;-074.0529473;Census Tract 6;34017000600;0;41348;017;G5020;000600;34;321473
40.7499137717,-74.0513531237;"{""type"": ""MultiPolygon"", ""coordinates"": [[[[-74.054859, 40.749781], [-74.054432, 40.750435], [-74.054038, 40.751037], [-74.053603, 40.751668], [-74.053503, 40.751813], [-74.053188, 40.752168], [-74.053105, 40.752237], [-74.053078, 40.752259], [-74.052537, 40.752514], [-74.052234, 40.752662], [-74.050022, 40.751771], [-74.050441, 40.751157], [-74.049218, 40.750662], [-74.048497, 40.75037], [-74.046822, 40.749692], [-74.047063, 40.749336], [-74.047189, 40.749151], [-74.047595, 40.748541], [-74.048023, 40.747898], [-74.050437, 40.748854], [-74.050871, 40.7482], [-74.051308, 40.747544], [-74.052541, 40.748029], [-74.052996, 40.748193], [-74.055344, 40.74904], [-74.054859, 40.749781]]]]}";+40.7499138;5;S;-074.0513531;Census Tract 5;34017000500;0;40820;017;G5020;000500;34;219021
40.7446435547,-74.0589999192;"{""type"": ""MultiPolygon"", ""coordinates"": [[[[-74.062216, 40.74581], [-74.062066, 40.746246], [-74.061884, 40.746776], [-74.061807, 40.746927], [-74.061224, 40.746699], [-74.060391, 40.74636], [-74.059593, 40.746047], [-74.057822, 40.74535], [-74.055715, 40.74449], [-74.055705, 40.744402], [-74.056119, 40.743819], [-74.056602, 40.743138], [-74.057092, 40.742448], [-74.059287, 40.74332], [-74.059254, 40.743366], [-74.060978, 40.744042], [-74.060895, 40.744155], [-74.060499, 40.744731], [-74.062323, 40.745502], [-74.062216, 40.74581]]]]}";+40.7446436;10;S;-074.0589999;Census Tract 10;34017001000;0;42208;017;G5020;001000;34;126592
40.7318971159,-74.0440878658;"{""type"": ""MultiPolygon"", ""coordinates"": [[[[-74.051795, 40.731424], [-74.051711, 40.731486], [-74.051146, 40.731893], [-74.050332, 40.732561], [-74.050036, 40.732873], [-74.049988, 40.732928], [-74.049063, 40.733888], [-74.048605, 40.734502], [-74.048534, 40.734618], [-74.048254, 40.735071], [-74.0472, 40.735341], [-74.046238, 40.735587], [-74.04576, 40.735709], [-74.045495, 40.735777], [-74.044418, 40.73603], [-74.04391, 40.73612], [-74.043788, 40.736137], [-74.04397, 40.734936], [-74.042202, 40.734772], [-74.041042, 40.734492], [-74.040676, 40.734455], [-74.040487, 40.734436], [-74.040041, 40.734415], [-74.039454, 40.734338], [-74.03908, 40.734273], [-74.03905, 40.734258], [-74.039249, 40.732936], [-74.039359, 40.732214], [-74.039462, 40.73154], [-74.039582, 40.730787], [-74.039691, 40.730105], [-74.039832, 40.729227], [-74.039916, 40.728654], [-74.04002, 40.727924], [-74.040233, 40.726463], [-74.040338, 40.725804], [-74.040457, 40.725056], [-74.042105, 40.725193], [-74.042007, 40.725913], [-74.041911, 40.726619], [-74.041797, 40.727327], [-74.041677, 40.728067], [-74.041569, 40.728792], [-74.041517, 40.729234], [-74.041499, 40.729346], [-74.043124, 40.729492], [-74.044332, 40.729663], [-74.044539, 40.729777], [-74.044689, 40.729933], [-74.0447, 40.730081], [-74.044674, 40.730461], [-74.044699, 40.730462], [-74.046351, 40.730701], [-74.047477, 40.730861], [-74.047968, 40.730871], [-74.048314, 40.730894], [-74.048437, 40.730896], [-74.050262, 40.731019], [-74.050484, 40.731032], [-74.051267, 40.731075], [-74.051491, 40.731093], [-74.051624, 40.731125], [-74.051764, 40.731169], [-74.051957, 40.731262], [-74.051795, 40.731424]]]]}";+40.7318971;78;S;-074.0440878;Census Tract 78;34017007800;0;42070;017;G5020;007800;34;560947
40.7344782113,-74.0521239604;"{""type"": ""MultiPolygon"", ""coordinates"": [[[[-74.055573, 40.734422], [-74.055253, 40.734787], [-74.054732, 40.735382], [-74.054232, 40.735951], [-74.053798, 40.736447], [-74.053216, 40.73708], [-74.052653, 40.737691], [-74.051145, 40.736941], [-74.049404, 40.736074], [-74.049612, 40.735747], [-74.049857, 40.735364], [-74.049948, 40.735222], [-74.049039, 40.734819], [-74.048837, 40.734719], [-74.048534, 40.734618], [-74.048605, 40.734502], [-74.049063, 40.733888], [-74.049988, 40.732928], [-74.050036, 40.732873], [-74.050332, 40.732561], [-74.051146, 40.731893], [-74.051711, 40.731486], [-74.051795, 40.731424], [-74.051957, 40.731262], [-74.052081, 40.731299], [-74.052534, 40.731518], [-74.052865, 40.731749], [-74.0535, 40.732305], [-74.054619, 40.733285], [-74.055232, 40.733822], [-74.055723, 40.734251], [-74.055573, 40.734422]]]]}";+40.7344782;14;S;-074.0521240;Census Tract 14;34017001400;0;40809;017;G5020;001400;34;236968
40.7059678319,-74.0913621869;"{""type"": ""MultiPolygon"", ""coordinates"": [[[[-74.095862, 40.708725], [-74.095321, 40.709228], [-74.094723, 40.709788], [-74.093902, 40.709241], [-74.093081, 40.708693], [-74.09231, 40.708179], [-74.091654, 40.707742], [-74.091087, 40.707355], [-74.090866, 40.707204], [-74.089099, 40.705996999999996], [-74.088041, 40.705229], [-74.087742, 40.705457], [-74.086934, 40.704709], [-74.086631, 40.704494], [-74.087312, 40.703881], [-74.087974, 40.703285], [-74.088576, 40.702742], [-74.089172, 40.702208], [-74.090728, 40.703217], [-74.090931, 40.703053], [-74.091692, 40.703581], [-74.090528, 40.704162], [-74.090495, 40.704171], [-74.091521, 40.704905], [-74.093457, 40.70621], [-74.094428, 40.706864], [-74.096404, 40.708223], [-74.095862, 40.708725]]]]}";+40.7059678;56;S;-074.0913621;Census Tract 56;34017005600;0;40800;017;G5020;005600;34;231843
40.7503173583,-74.0425322079;"{""type"": ""MultiPolygon"", ""coordinates"": [[[[-74.046822, 40.749692], [-74.046401, 40.750312], [-74.046072, 40.750795], [-74.045985, 40.75092], [-74.045599, 40.751478], [-74.045167, 40.752102], [-74.04492, 40.752458], [-74.044702, 40.752773], [-74.044226, 40.753462], [-74.043829, 40.75406], [-74.04334, 40.754747], [-74.043216, 40.754922], [-74.042979, 40.754052], [-74.042694, 40.753027], [-74.042633, 40.752832], [-74.042562, 40.752652], [-74.042478, 40.752501], [-74.042259, 40.752296], [-74.042109, 40.7522], [-74.041385, 40.751927], [-74.040933, 40.751756], [-74.040497, 40.751591], [-74.039631, 40.751254], [-74.03878, 40.750922], [-74.03762, 40.750614], [-74.037665, 40.75054], [-74.038065, 40.749794], [-74.038427, 40.749052], [-74.038575, 40.748749], [-74.038731, 40.748446], [-74.039564, 40.748645], [-74.039635, 40.748442], [-74.040274, 40.74868], [-74.040594, 40.74817], [-74.040669, 40.74805], [-74.041269, 40.74718], [-74.042074, 40.747482], [-74.042926, 40.747802], [-74.043784, 40.748124], [-74.044505, 40.748395], [-74.044663, 40.748454], [-74.045351, 40.74869], [-74.045507, 40.748748], [-74.04615, 40.748988], [-74.046369, 40.749082], [-74.047063, 40.749336], [-74.046822, 40.749692]]]]}";+40.7503173;3;S;-074.0425322;Census Tract 3;34017000300;0;41347;017;G5020;000300;34;307207
40.7321834787,-74.055515783;"{""type"": ""MultiPolygon"", ""coordinates"": [[[[-74.059007, 40.735782], [-74.058895, 40.736286], [-74.058859, 40.736649], [-74.058827, 40.736968], [-74.057759, 40.736033], [-74.056626, 40.735041], [-74.055723, 40.734251], [-74.055232, 40.733822], [-74.054619, 40.733285], [-74.0535, 40.732305], [-74.052865, 40.731749], [-74.052534, 40.731518], [-74.052081, 40.731299], [-74.051957, 40.731262], [-74.051764, 40.731169], [-74.051624, 40.731125], [-74.051817, 40.730887], [-74.051895, 40.730774], [-74.052121, 40.730448], [-74.052662, 40.729694], [-74.053518, 40.728396], [-74.053664, 40.728149], [-74.053791, 40.727885], [-74.053855, 40.727714], [-74.053901, 40.727592], [-74.053966, 40.727419], [-74.054625, 40.728072], [-74.054704, 40.728213], [-74.054815, 40.728549], [-74.054909, 40.728837], [-74.055241, 40.729846], [-74.055278, 40.729909], [-74.055316, 40.729978], [-74.055588, 40.730322], [-74.055771, 40.730542], [-74.056554, 40.731456], [-74.056624, 40.731539], [-74.057402, 40.732489], [-74.057824, 40.733026], [-74.05802, 40.733275], [-74.059263, 40.734854], [-74.059007, 40.735782]]]]}";+40.7321834;12.02;S;-074.0555157;Census Tract 12.02;34017001202;0;40824;017;G5020;001202;34;227552
40.6819479801,-74.0661567935;"{""type"": ""MultiPolygon"", ""coordinates"": [[[[-74.098646, 40.682218], [-74.097229, 40.683866], [-74.09676, 40.684435], [-74.09636, 40.684922], [-74.09556, 40.685764], [-74.095531, 40.685793], [-74.09539, 40.685925], [-74.095111, 40.686186], [-74.09453, 40.686685], [-74.094459, 40.686756], [-74.094392, 40.686801], [-74.094286, 40.686885], [-74.094232, 40.686927], [-74.09338, 40.687597], [-74.092907, 40.687968], [-74.091598, 40.688982], [-74.089146, 40.69088], [-74.088435, 40.69143], [-74.087132, 40.692439], [-74.083881, 40.695009], [-74.080855, 40.697293], [-74.080606, 40.697479], [-74.078788, 40.698842], [-74.078455, 40.699091], [-74.078329, 40.69919], [-74.077664, 40.699713], [-74.077255, 40.700035], [-74.077135, 40.700136], [-74.077079, 40.700184], [-74.076912, 40.70031], [-74.076701, 40.700448], [-74.07656, 40.700529], [-74.07649, 40.700569], [-74.076244, 40.70069], [-74.075964, 40.700815], [-74.075522, 40.701015], [-74.074263, 40.701629], [-74.072488, 40.702406], [-74.072278, 40.70236], [-74.071414, 40.702169], [-74.070631, 40.701995], [-74.070287, 40.701919], [-74.070063, 40.701825], [-74.069825, 40.70171], [-74.06965, 40.701605], [-74.069602, 40.701577], [-74.068921, 40.701025], [-74.068728, 40.700866], [-74.068648, 40.7008], [-74.068276, 40.70049], [-74.06821, 40.700436], [-74.068448, 40.700223], [-74.06835, 40.700157], [-74.068021, 40.699932], [-74.067757, 40.69972], [-74.067414, 40.699465000000004], [-74.066657, 40.698775], [-74.066458, 40.698587], [-74.06622, 40.698404], [-74.066013, 40.698275], [-74.065259, 40.697844], [-74.064692, 40.697537], [-74.064046, 40.697175], [-74.06329, 40.696512], [-74.06233, 40.695968], [-74.058936, 40.694121], [-74.05661, 40.693003], [-74.055597, 40.693041], [-74.055435, 40.692905], [-74.055384, 40.692812], [-74.05537, 40.692768], [-74.055286, 40.692722], [-74.055239, 40.692696], [-74.055068, 40.692617], [-74.054893, 40.692542], [-74.054729, 40.692436], [-74.054611, 40.692365], [-74.054575, 40.69231], [-74.054517, 40.692206], [-74.054496, 40.692178], [-74.054366, 40.692134], [-74.054249, 40.692079], [-74.054185, 40.69204], [-74.054179, 40.69193], [-74.054221, 40.691864], [-74.053941, 40.691654], [-74.052814, 40.69077], [-74.04378, 40.687428], [-74.035844, 40.684492], [-74.035863, 40.684461], [-74.035944, 40.684327], [-74.042759, 40.672988], [-74.043507, 40.671745], [-74.044669, 40.669813], [-74.045951, 40.66768], [-74.047663, 40.664832], [-74.04822, 40.663905], [-74.048937, 40.662702], [-74.049594, 40.661622], [-74.065931, 40.666915], [-74.077666, 40.672082], [-74.08256, 40.674278], [-74.088524, 40.676583], [-74.089611, 40.677153], [-74.093672, 40.678695], [-74.094393, 40.679008], [-74.094904, 40.67923], [-74.095152, 40.679333], [-74.097977, 40.680892], [-74.098233, 40.6814], [-74.098646, 40.682218]]]]}";+40.6882887;58.02;S;-074.0707233;Census Tract 58.02;34017005802;7791915;42668;017;G5020;005802;34;4945571
40.6987682668,-74.089415043;"{""type"": ""MultiPolygon"", ""coordinates"": [[[[-74.093744, 40.700707], [-74.093112, 40.70124], [-74.092475, 40.701776], [-74.092239, 40.701549], [-74.091274, 40.700622], [-74.090316, 40.701214], [-74.090266, 40.701245], [-74.089704, 40.701732], [-74.089172, 40.702208], [-74.08741, 40.701064], [-74.087219, 40.70094], [-74.084909, 40.6994], [-74.08526, 40.699161], [-74.083703, 40.697467], [-74.08542, 40.696169], [-74.087399, 40.697703], [-74.088133, 40.697202], [-74.088834, 40.696724], [-74.089827, 40.696047], [-74.089845, 40.696034], [-74.090623, 40.695621], [-74.090642, 40.695609], [-74.0914, 40.695], [-74.09303, 40.696926], [-74.092615, 40.697949], [-74.094444, 40.700117], [-74.093744, 40.700707]]]]}";+40.6987683;60;S;-074.0894150;Census Tract 60;34017006000;0;40899;017;G5020;006000;34;380902
40.7177843636,-74.0611244985;"{""type"": ""MultiPolygon"", ""coordinates"": [[[[-74.067194, 40.716331], [-74.066867, 40.716795], [-74.066309, 40.717586], [-74.065866, 40.718214], [-74.065451, 40.718802], [-74.065241, 40.719099], [-74.065046, 40.719376], [-74.06397, 40.720671], [-74.063439, 40.721196], [-74.06277, 40.721859], [-74.061702, 40.722978], [-74.059878, 40.722411], [-74.059737, 40.722368], [-74.059643, 40.72234], [-74.058546, 40.722006], [-74.058467, 40.721982], [-74.057231, 40.721607], [-74.056989, 40.721534], [-74.056379, 40.72135], [-74.05545, 40.721069], [-74.055396, 40.721051], [-74.055313, 40.721024], [-74.055215, 40.720991], [-74.055436, 40.72027], [-74.055601, 40.719741], [-74.055669, 40.719501], [-74.055839, 40.718896], [-74.056007, 40.718302], [-74.05603, 40.71807], [-74.05608, 40.717558], [-74.056096, 40.717399], [-74.056088, 40.717345], [-74.055969, 40.716541], [-74.055867, 40.716272000000004], [-74.056149, 40.71607], [-74.056578, 40.715763], [-74.056747, 40.715642], [-74.057814, 40.714879], [-74.059023, 40.714034], [-74.059727, 40.713541], [-74.060231, 40.713178], [-74.060876, 40.713713], [-74.061503, 40.714234], [-74.062744, 40.713342], [-74.063383, 40.71386], [-74.063782, 40.71358], [-74.064599, 40.713008], [-74.065332, 40.713547], [-74.066403, 40.714335], [-74.066903, 40.714703], [-74.0671, 40.714847], [-74.067192, 40.714901], [-74.067125, 40.71527], [-74.067131, 40.715731], [-74.067219, 40.716296], [-74.067194, 40.716331]]]]}";+40.7177843;67;S;-074.0611246;Census Tract 67;34017006700;0;42086;017;G5020;006700;34;736662
40.7307656563,-74.0655914086;"{""type"": ""MultiPolygon"", ""coordinates"": [[[[-74.069474, 40.72921], [-74.068548, 40.730213], [-74.068503, 40.730263], [-74.068181, 40.730817], [-74.068022, 40.731066], [-74.067819, 40.731365], [-74.068815, 40.731575], [-74.06853, 40.732029], [-74.067633, 40.733571], [-74.06741, 40.733954], [-74.067256, 40.734212], [-74.067223, 40.734539], [-74.06713, 40.734853], [-74.067107, 40.73492], [-74.067019, 40.735177], [-74.066914, 40.735398], [-74.066445, 40.735127], [-74.066161, 40.734949], [-74.0659, 40.73474], [-74.065271, 40.734235], [-74.065022, 40.734018], [-74.064868, 40.733884], [-74.064334, 40.733419], [-74.06392, 40.733059], [-74.063384, 40.732609], [-74.063861, 40.732048], [-74.064118, 40.731745], [-74.064113, 40.731723], [-74.064284, 40.730932], [-74.064141, 40.730741], [-74.063233, 40.730641], [-74.063128, 40.730629], [-74.062158, 40.730524], [-74.061257, 40.730423], [-74.061688, 40.729865], [-74.06218, 40.729185], [-74.062273, 40.729075], [-74.062673, 40.728597], [-74.062707, 40.728556], [-74.06316, 40.728089], [-74.063579, 40.727702], [-74.063862, 40.72658], [-74.064167, 40.726722], [-74.064646, 40.727014], [-74.065038, 40.727253], [-74.065509, 40.72754], [-74.065852, 40.727773], [-74.066861, 40.72846], [-74.067474, 40.728878], [-74.068149, 40.729337], [-74.068709, 40.728876], [-74.069474, 40.72921]]]]}";+40.7307656;20;S;-074.0655914;Census Tract 20;34017002000;0;40828;017;G5020;002000;34;308583
40.7102178501,-74.0675921272;"{""type"": ""MultiPolygon"", ""coordinates"": [[[[-74.07329, 40.706634], [-74.072786, 40.707696], [-74.072432, 40.708491], [-74.07242, 40.708507], [-74.071669, 40.709465], [-74.071576, 40.709583], [-74.071474, 40.709706], [-74.071273, 40.709948], [-74.071051, 40.710142], [-74.070661, 40.710374], [-74.070145, 40.710682], [-74.069908, 40.710898], [-74.069717, 40.711073], [-74.069215, 40.711648], [-74.06892, 40.712061], [-74.068884, 40.712117], [-74.067774, 40.713815], [-74.067397, 40.714414], [-74.067257, 40.714637], [-74.0671, 40.714847], [-74.066903, 40.714703], [-74.066403, 40.714335], [-74.065332, 40.713547], [-74.064599, 40.713008], [-74.063782, 40.71358], [-74.063383, 40.71386], [-74.062744, 40.713342], [-74.061503, 40.714234], [-74.060876, 40.713713], [-74.060231, 40.713178], [-74.061453, 40.712297], [-74.062625, 40.711451], [-74.063422, 40.710876999999996], [-74.063658, 40.710714], [-74.064936, 40.709831], [-74.065728, 40.70926], [-74.067186, 40.708214], [-74.069451, 40.706582], [-74.071815, 40.704874], [-74.07252, 40.705451], [-74.072601, 40.705515], [-74.073491, 40.706211], [-74.07329, 40.706634]]]]}";+40.7102178;46;S;-074.0675923;Census Tract 46;34017004600;0;41573;017;G5020;004600;34;459145
40.7241318055,-74.0670989587;"{""type"": ""MultiPolygon"", ""coordinates"": [[[[-74.070944, 40.722872], [-74.070516, 40.723336], [-74.070499, 40.723359], [-74.070142, 40.723836], [-74.069728, 40.724414], [-74.069511, 40.724554], [-74.069286, 40.7247], [-74.068625, 40.724984], [-74.068288, 40.725145], [-74.068044, 40.72529], [-74.068016, 40.725309], [-74.067828, 40.725474], [-74.067756, 40.725549], [-74.067669, 40.725808], [-74.06749, 40.726345], [-74.067453, 40.726448], [-74.067203, 40.727109], [-74.067186, 40.727171], [-74.067077, 40.727584], [-74.066861, 40.72846], [-74.065852, 40.727773], [-74.065509, 40.72754], [-74.065038, 40.727253], [-74.064646, 40.727014], [-74.064167, 40.726722], [-74.063862, 40.72658], [-74.063877, 40.726522], [-74.064144, 40.726], [-74.064497, 40.725311], [-74.065159, 40.724094], [-74.065174, 40.724066], [-74.065753, 40.723115], [-74.065758, 40.722723], [-74.065744, 40.722573], [-74.065705, 40.722191], [-74.065695, 40.721758], [-74.065812, 40.721595], [-74.065899, 40.721442], [-74.066206, 40.720908], [-74.066532, 40.72043], [-74.066698, 40.720229], [-74.06673, 40.720201], [-74.067051, 40.72018], [-74.06714, 40.720452], [-74.067271, 40.720518], [-74.068362, 40.721069], [-74.068524, 40.721574], [-74.069595, 40.722147], [-74.070871, 40.72284], [-74.070944, 40.722872]]]]}";+40.7241318;30;S;-074.0670990;Census Tract 30;34017003000;0;40890;017;G5020;003000;34;246256
40.7523500795,-74.0669593262;"{""type"": ""MultiPolygon"", ""coordinates"": [[[[-74.08197, 40.740526], [-74.081739, 40.74063], [-74.081586, 40.740701], [-74.080799, 40.741121], [-74.080262, 40.741407], [-74.077047, 40.743248], [-74.075202, 40.747395], [-74.078686, 40.750601], [-74.078509, 40.750807], [-74.077472, 40.752014], [-74.077423, 40.752043], [-74.077003, 40.752223], [-74.076381, 40.752278], [-74.075751, 40.752378], [-74.075492, 40.752497], [-74.075385, 40.75262], [-74.075331, 40.752839], [-74.07533, 40.753003], [-74.075404, 40.753226], [-74.075561, 40.753489], [-74.075819, 40.753732], [-74.076154, 40.753956], [-74.07644, 40.754279], [-74.07654, 40.754444], [-74.076591, 40.754623], [-74.07659, 40.754787], [-74.076512, 40.754907], [-74.076391, 40.754998], [-74.076172, 40.755128], [-74.075898, 40.755178], [-74.075633, 40.755195], [-74.075347, 40.755256], [-74.075164, 40.755335], [-74.075057, 40.755437], [-74.07498, 40.755517], [-74.074954, 40.755637], [-74.074953, 40.755798], [-74.074976, 40.755959], [-74.075026, 40.756141], [-74.075079, 40.756284], [-74.07513, 40.756467], [-74.075205, 40.756628], [-74.075256, 40.756872], [-74.075201, 40.757113], [-74.075147, 40.757274], [-74.075091, 40.757558], [-74.075012, 40.757799], [-74.07488, 40.758021], [-74.074802, 40.758122], [-74.074642, 40.758242], [-74.074547, 40.758285], [-74.074381, 40.758361], [-74.074226, 40.758382], [-74.074068, 40.758421], [-74.07386, 40.758479], [-74.073548, 40.758559], [-74.073102, 40.758658], [-74.072946, 40.758719], [-74.072763, 40.758817], [-74.072656, 40.758918], [-74.072602, 40.75902], [-74.0726, 40.759242], [-74.072518, 40.759724], [-74.072465, 40.759826], [-74.072362, 40.759906], [-74.072246, 40.759978], [-74.072074, 40.760073], [-74.071956, 40.760138], [-74.071617, 40.760337], [-74.071327, 40.760499], [-74.070934, 40.760698], [-74.070543, 40.760878], [-74.070185, 40.76105], [-74.069682, 40.761293], [-74.069038, 40.761599], [-74.068748, 40.761732], [-74.068084, 40.762038], [-74.067991, 40.762077], [-74.067783, 40.762164], [-74.067611, 40.762236], [-74.067297, 40.762315], [-74.067105, 40.7624], [-74.066669, 40.762574], [-74.066092, 40.762896], [-74.065922, 40.762987], [-74.065529, 40.763328], [-74.065238, 40.763589], [-74.065029, 40.76369], [-74.064793, 40.763768999999996], [-74.064483, 40.763789], [-74.064143, 40.763744], [-74.063806, 40.763644], [-74.063548, 40.763482], [-74.063208, 40.763217], [-74.062849, 40.762912], [-74.06251, 40.762666], [-74.06215, 40.762482], [-74.061602, 40.7623], [-74.061366, 40.762277], [-74.060975, 40.762377], [-74.060792, 40.762434], [-74.060585, 40.762433], [-74.060193, 40.762493], [-74.060062, 40.762595], [-74.060008, 40.762675], [-74.060006, 40.762937], [-74.060033, 40.76316], [-74.060032, 40.763259], [-74.060002, 40.763401], [-74.059948, 40.76345], [-74.059871, 40.763521], [-74.059767, 40.763743], [-74.059737, 40.763944], [-74.059763, 40.764188], [-74.059838, 40.764411], [-74.059938, 40.764653], [-74.060042, 40.764836], [-74.060091, 40.76534], [-74.060089, 40.765523], [-74.05998, 40.765723], [-74.059771, 40.766006], [-74.059533, 40.766166], [-74.059169, 40.766387], [-74.058855, 40.766526999999996], [-74.058512, 40.766708], [-74.058196, 40.767049], [-74.058039, 40.76729], [-74.05796, 40.767431], [-74.057564, 40.767995], [-74.057248, 40.768479], [-74.057118, 40.768693999999996], [-74.056996, 40.768765], [-74.056895, 40.768867], [-74.056604, 40.768396], [-74.055287, 40.766234], [-74.053726, 40.763642], [-74.053132, 40.762656], [-74.052759, 40.762043], [-74.052229, 40.761174], [-74.052069, 40.760901], [-74.053343, 40.759016], [-74.053946, 40.758201], [-74.05458, 40.757456], [-74.055166, 40.756845], [-74.055224, 40.756785], [-74.055648, 40.756363], [-74.056283, 40.755731], [-74.057171, 40.754887], [-74.057938, 40.754165], [-74.059364, 40.752822], [-74.061801, 40.750448], [-74.062768, 40.749509], [-74.063199, 40.749091], [-74.063456, 40.748802], [-74.063637, 40.748556], [-74.063665, 40.748517], [-74.063835, 40.748238], [-74.063928, 40.748033], [-74.064016, 40.747794], [-74.06404, 40.747728], [-74.064127, 40.747432], [-74.064168, 40.747077], [-74.064219, 40.746557], [-74.064221, 40.746374], [-74.064224, 40.746106], [-74.064235, 40.745132], [-74.06424, 40.744743], [-74.064189, 40.743854], [-74.064126, 40.743159], [-74.063989, 40.742413], [-74.063874, 40.74194], [-74.06378, 40.741675], [-74.063602, 40.741309], [-74.064075, 40.740643], [-74.064115, 40.740602], [-74.065143, 40.739602], [-74.065465, 40.739229], [-74.067802, 40.739134], [-74.068104, 40.739122], [-74.06855, 40.739098], [-74.06953, 40.739044], [-74.069614, 40.73904], [-74.069663, 40.739037], [-74.070629, 40.738984], [-74.071208, 40.738953], [-74.071775, 40.738864], [-74.071919, 40.738842], [-74.072218, 40.738795], [-74.073079, 40.73866], [-74.073824, 40.738525], [-74.073937, 40.738505], [-74.07492, 40.738327], [-74.075189, 40.738278], [-74.075349, 40.738249], [-74.075439, 40.738233], [-74.075512, 40.73822], [-74.07568, 40.738189], [-74.075987, 40.738254], [-74.076038, 40.738267], [-74.077773, 40.738717], [-74.079041, 40.739046], [-74.081317, 40.73966], [-74.081957, 40.739832], [-74.083061, 40.740149], [-74.08197, 40.740526]]]]}";+40.7531886;69;S;-074.0680556;Census Tract 69;34017006900;280197;42091;017;G5020;006900;34;3573160
40.7266460106,-74.0731508834;"{""type"": ""MultiPolygon"", ""coordinates"": [[[[-74.077204, 40.725811], [-74.077021, 40.726056], [-74.076621, 40.726681], [-74.076175, 40.727359], [-74.076059, 40.72752], [-74.075471, 40.728335], [-74.075246, 40.728638], [-74.074868, 40.729136], [-74.074686, 40.729364], [-74.074369, 40.729762], [-74.07422, 40.729959], [-74.073874, 40.730403], [-74.071898, 40.729598], [-74.070472, 40.729016], [-74.069785, 40.728725], [-74.070051, 40.72831], [-74.070108, 40.728221], [-74.070485, 40.727692], [-74.070676, 40.72745], [-74.071209, 40.726772], [-74.071325, 40.726618], [-74.071404, 40.726514], [-74.071541, 40.726335], [-74.071564, 40.726306], [-74.071633, 40.726248], [-74.071737, 40.72616], [-74.07181, 40.726119], [-74.07223, 40.725883], [-74.071038, 40.725374], [-74.070795, 40.725281], [-74.069627, 40.724831], [-74.069286, 40.7247], [-74.069511, 40.724554], [-74.069728, 40.724414], [-74.070142, 40.723836], [-74.070499, 40.723359], [-74.070516, 40.723336], [-74.070944, 40.722872], [-74.073079, 40.72381], [-74.074107, 40.72427], [-74.075621, 40.724946], [-74.076464, 40.725323], [-74.077293, 40.725693], [-74.077204, 40.725811]]]]}";+40.7266460;28;S;-074.0731509;Census Tract 28;34017002800;0;41818;017;G5020;002800;34;295969
40.7085242292,-74.1042489845;"{""type"": ""MultiPolygon"", ""coordinates"": [[[[-74.116904, 40.710477], [-74.108154, 40.715963], [-74.103844, 40.718665], [-74.103774, 40.718694], [-74.101592, 40.717995], [-74.10158, 40.717884], [-74.101595, 40.717752], [-74.101674, 40.717768], [-74.101716, 40.717738], [-74.09831, 40.715684], [-74.096816, 40.714797], [-74.09676, 40.714764], [-74.096654, 40.714701], [-74.096506, 40.714613], [-74.096417, 40.714579], [-74.095515, 40.714084], [-74.09549, 40.714067], [-74.092499, 40.712049], [-74.092273, 40.711896], [-74.092646, 40.711658], [-74.092706, 40.711616], [-74.091515, 40.710874], [-74.089842, 40.709719], [-74.087242, 40.707995], [-74.086165, 40.707282], [-74.086291, 40.70713], [-74.084677, 40.706097], [-74.085347, 40.70555], [-74.086015, 40.705004], [-74.086551, 40.704566], [-74.086631, 40.704494], [-74.086934, 40.704709], [-74.087742, 40.705457], [-74.088041, 40.705229], [-74.089099, 40.705996999999996], [-74.090866, 40.707204], [-74.091087, 40.707355], [-74.091654, 40.707742], [-74.09231, 40.708179], [-74.093081, 40.708693], [-74.093902, 40.709241], [-74.094723, 40.709788], [-74.095321, 40.709228], [-74.095862, 40.708725], [-74.096404, 40.708223], [-74.096606, 40.708035], [-74.09695, 40.707716], [-74.097222, 40.707464], [-74.097533, 40.707175], [-74.097803, 40.706925], [-74.097888, 40.706799], [-74.097945, 40.706648], [-74.098083, 40.705893], [-74.098118, 40.705658], [-74.09827, 40.704646], [-74.098873, 40.705408], [-74.099612, 40.706202], [-74.09977, 40.706278], [-74.09983, 40.705611], [-74.100098, 40.704875], [-74.100135, 40.704777], [-74.10022, 40.704543], [-74.100462, 40.704131], [-74.100649, 40.703817], [-74.101096, 40.70325], [-74.101463, 40.702785], [-74.101839, 40.702339], [-74.102271, 40.701825], [-74.102572, 40.701469], [-74.103661, 40.700177], [-74.104214, 40.69955], [-74.105429, 40.698172], [-74.106434, 40.697139], [-74.107974, 40.69789], [-74.114559, 40.701071999999996], [-74.114287, 40.701402], [-74.113338, 40.702477], [-74.112787, 40.703102], [-74.113436, 40.704208], [-74.114703, 40.706368], [-74.11597, 40.708527], [-74.116514, 40.709454], [-74.117057, 40.710381], [-74.116904, 40.710477]]]]}";+40.7086175;54;S;-074.1042445;Census Tract 54;34017005400;1427099;40896;017;G5020;005400;34;1476223
40.7205651051,-74.0314465121;"{""type"": ""MultiPolygon"", ""coordinates"": [[[[-74.041248, 40.719805], [-74.041218, 40.720084], [-74.041121, 40.720794], [-74.041022, 40.721518], [-74.040922, 40.722245], [-74.040808, 40.722923], [-74.040762, 40.723199], [-74.040693, 40.723615], [-74.040592, 40.72423], [-74.040516, 40.724691], [-74.0405, 40.724788], [-74.040457, 40.725056], [-74.040003, 40.725006], [-74.039732, 40.724916], [-74.03912, 40.724737], [-74.039086, 40.724733], [-74.038701, 40.724681], [-74.037736, 40.724599], [-74.036928, 40.72453], [-74.036105, 40.724459], [-74.035813, 40.724434], [-74.035851, 40.724344], [-74.029535, 40.724136], [-74.021961, 40.723586], [-74.022511, 40.720573], [-74.022551, 40.72035], [-74.023386, 40.715774], [-74.032194, 40.71674], [-74.032857, 40.716892], [-74.03389, 40.717041], [-74.034024, 40.717060000000004], [-74.035505, 40.717274], [-74.035574, 40.717284], [-74.035868, 40.717356], [-74.036331, 40.717469], [-74.036685, 40.717565], [-74.037183, 40.7177], [-74.038836, 40.718218], [-74.0398, 40.71852], [-74.041335, 40.719002], [-74.041248, 40.719805]]]]}";+40.7202163;76;S;-074.0327243;Census Tract 76;34017007600;692977;41561;017;G5020;007600;34;563321
40.722611876,-74.064165312;"{""type"": ""MultiPolygon"", ""coordinates"": [[[[-74.067488, 40.718568], [-74.067469, 40.718645], [-74.067367, 40.719019], [-74.067279, 40.719304], [-74.067256, 40.719378], [-74.067185, 40.719563], [-74.067074, 40.719802], [-74.066986, 40.719978], [-74.066962, 40.720001], [-74.06673, 40.720201], [-74.066698, 40.720229], [-74.066532, 40.72043], [-74.066206, 40.720908], [-74.065899, 40.721442], [-74.065812, 40.721595], [-74.065695, 40.721758], [-74.065705, 40.722191], [-74.065744, 40.722573], [-74.065758, 40.722723], [-74.065753, 40.723115], [-74.065174, 40.724066], [-74.065159, 40.724094], [-74.064497, 40.725311], [-74.064144, 40.726], [-74.063877, 40.726522], [-74.063862, 40.72658], [-74.063579, 40.727702], [-74.062034, 40.726603], [-74.06196, 40.72655], [-74.061726, 40.726384], [-74.06159, 40.726246], [-74.061435, 40.726088], [-74.061111, 40.725753], [-74.061112, 40.725663], [-74.061292, 40.725412], [-74.06132, 40.724953], [-74.061651, 40.724514], [-74.060703, 40.724207], [-74.060606, 40.724149], [-74.060586, 40.724075], [-74.060612, 40.723993], [-74.061022, 40.723611], [-74.06106, 40.723576], [-74.061702, 40.722978], [-74.06277, 40.721859], [-74.063439, 40.721196], [-74.06397, 40.720671], [-74.065046, 40.719376], [-74.065241, 40.719099], [-74.065451, 40.718802], [-74.065866, 40.718214], [-74.066309, 40.717586], [-74.066867, 40.716795], [-74.067194, 40.716331], [-74.067219, 40.716296], [-74.067322, 40.716961], [-74.067486, 40.717758], [-74.067562, 40.718256], [-74.067488, 40.718568]]]]}";+40.7226118;31;S;-074.0641654;Census Tract 31;34017003100;0;41569;017;G5020;003100;34;260420
40.7343894435,-74.0699803964;"{""type"": ""MultiPolygon"", ""coordinates"": [[[[-74.072749, 40.734808], [-74.072413, 40.735488], [-74.072092, 40.736136], [-74.071716, 40.736911], [-74.07154, 40.737083], [-74.071453, 40.737168], [-74.069936, 40.73672], [-74.069766, 40.736671], [-74.069096, 40.736479], [-74.068144, 40.736206], [-74.066731, 40.735782], [-74.066914, 40.735398], [-74.067019, 40.735177], [-74.067107, 40.73492], [-74.06713, 40.734853], [-74.067223, 40.734539], [-74.067256, 40.734212], [-74.06741, 40.733954], [-74.067633, 40.733571], [-74.06853, 40.732029], [-74.068815, 40.731575], [-74.069753, 40.731773], [-74.070681, 40.731968], [-74.071657, 40.732174], [-74.072084, 40.732264], [-74.072579, 40.732389], [-74.072551, 40.732434], [-74.072155, 40.733086], [-74.07178, 40.733722], [-74.073081, 40.734137], [-74.072749, 40.734808]]]]}";+40.7343894;18;S;-074.0699804;Census Tract 18;34017001800;0;40826;017;G5020;001800;34;212552
40.6909076037,-74.0921842181;"{""type"": ""MultiPolygon"", ""coordinates"": [[[[-74.099834, 40.685726], [-74.099794, 40.685772], [-74.098859, 40.686858], [-74.098779, 40.686951], [-74.09867, 40.687078], [-74.098378, 40.6874], [-74.098114, 40.687717], [-74.097688, 40.688229], [-74.097491, 40.688465], [-74.097219, 40.688792], [-74.096985, 40.689047], [-74.096563, 40.68951], [-74.09558, 40.689942], [-74.094802, 40.690276], [-74.094495, 40.69041], [-74.094042, 40.690607], [-74.094006, 40.690623], [-74.093764, 40.690752], [-74.094956, 40.692088], [-74.094255, 40.692666], [-74.093948, 40.692919], [-74.093647, 40.693167], [-74.093132, 40.693569], [-74.093038, 40.693643], [-74.092472, 40.694114], [-74.091605, 40.694836], [-74.0914, 40.695], [-74.090642, 40.695609], [-74.090623, 40.695621], [-74.089845, 40.696034], [-74.089827, 40.696047], [-74.088834, 40.696724], [-74.088133, 40.697202], [-74.087399, 40.697703], [-74.08542, 40.696169], [-74.084632, 40.695558], [-74.083881, 40.695009], [-74.087132, 40.692439], [-74.088435, 40.69143], [-74.089146, 40.69088], [-74.091598, 40.688982], [-74.092907, 40.687968], [-74.09338, 40.687597], [-74.094232, 40.686927], [-74.094286, 40.686885], [-74.094392, 40.686801], [-74.094459, 40.686756], [-74.09453, 40.686685], [-74.095111, 40.686186], [-74.09539, 40.685925], [-74.095531, 40.685793], [-74.09556, 40.685764], [-74.09636, 40.684922], [-74.09676, 40.684435], [-74.097229, 40.683866], [-74.098646, 40.682218], [-74.098964, 40.68282], [-74.099224, 40.683781], [-74.099918, 40.685624], [-74.099834, 40.685726]]]]}";+40.6909075;63;S;-074.0921846;Census Tract 63;34017006300;0;40923;017;G5020;006300;34;676572
40.7205535833,-74.052552374;"{""type"": ""MultiPolygon"", ""coordinates"": [[[[-74.056096, 40.717399], [-74.05608, 40.717558], [-74.05603, 40.71807], [-74.056007, 40.718302], [-74.055839, 40.718896], [-74.055669, 40.719501], [-74.055601, 40.719741], [-74.055436, 40.72027], [-74.055215, 40.720991], [-74.054693, 40.722495], [-74.054538, 40.722924], [-74.054484, 40.723074], [-74.054362, 40.723413], [-74.054263, 40.723687], [-74.053932, 40.724603], [-74.053417, 40.725978], [-74.053337, 40.726191], [-74.05317, 40.726638], [-74.052598, 40.726115], [-74.052302, 40.725841], [-74.052127, 40.72568], [-74.05178, 40.725358], [-74.051731, 40.725313], [-74.050913, 40.724554], [-74.050671, 40.724536], [-74.050699, 40.724356], [-74.050784, 40.723817], [-74.050905, 40.72305], [-74.051007, 40.722402], [-74.05101, 40.722384], [-74.051258, 40.722093], [-74.051295, 40.722032], [-74.051373, 40.721905], [-74.050777, 40.721874], [-74.050573, 40.721863], [-74.050318, 40.7218], [-74.04976, 40.721626], [-74.049788, 40.721572], [-74.050118, 40.720941], [-74.050488, 40.720234], [-74.050839, 40.719561], [-74.051171, 40.718955], [-74.051559, 40.718247], [-74.050033, 40.717786], [-74.048512, 40.717326], [-74.046928, 40.716829], [-74.04575, 40.716443], [-74.045709, 40.716405], [-74.045696, 40.716367], [-74.045675, 40.716277], [-74.045686, 40.71619], [-74.045961, 40.716225], [-74.047068, 40.716346], [-74.048101, 40.716456], [-74.048932, 40.71656], [-74.05058, 40.716746], [-74.052276, 40.716938], [-74.054036, 40.717125], [-74.054635, 40.717189], [-74.055685, 40.717302], [-74.056088, 40.717345], [-74.056096, 40.717399]]]]}";+40.7205535;65;S;-074.0525523;Census Tract 65;34017006500;0;42078;017;G5020;006500;34;378141
40.7000594723,-74.0826251308;"{""type"": ""MultiPolygon"", ""coordinates"": [[[[-74.088576, 40.702742], [-74.087974, 40.703285], [-74.086572, 40.702382], [-74.085945, 40.702958], [-74.085258, 40.70359], [-74.083881, 40.702683], [-74.083286, 40.702291], [-74.082364, 40.701684], [-74.082348, 40.701667], [-74.081788, 40.70222], [-74.081704, 40.702303], [-74.081205, 40.702816], [-74.080574, 40.70347], [-74.077932, 40.701361], [-74.077733, 40.701476], [-74.076899, 40.700791], [-74.076769, 40.700689], [-74.07656, 40.700529], [-74.076701, 40.700448], [-74.076912, 40.70031], [-74.077079, 40.700184], [-74.077135, 40.700136], [-74.077255, 40.700035], [-74.077664, 40.699713], [-74.078329, 40.69919], [-74.078455, 40.699091], [-74.078788, 40.698842], [-74.080606, 40.697479], [-74.080855, 40.697293], [-74.083881, 40.695009], [-74.084632, 40.695558], [-74.08542, 40.696169], [-74.083703, 40.697467], [-74.08526, 40.699161], [-74.084909, 40.6994], [-74.087219, 40.70094], [-74.08741, 40.701064], [-74.089172, 40.702208], [-74.088576, 40.702742]]]]}";+40.7000595;58.01;S;-074.0826251;Census Tract 58.01;34017005801;0;40897;017;G5020;005801;34;448245
40.7112774133,-74.072457061;"{""type"": ""MultiPolygon"", ""coordinates"": [[[[-74.07694, 40.708642], [-74.076504, 40.709458], [-74.076361, 40.709728], [-74.07616, 40.710107], [-74.075689, 40.710998000000004], [-74.075416, 40.711512], [-74.075304, 40.711724], [-74.07511, 40.711945], [-74.074608, 40.712515], [-74.074069, 40.713112], [-74.073451, 40.713797], [-74.07301, 40.714286], [-74.070803, 40.71484], [-74.069522, 40.715161], [-74.069187, 40.715245], [-74.069118, 40.715213], [-74.068967, 40.715143], [-74.068059, 40.715406], [-74.067933, 40.715333], [-74.067688, 40.71519], [-74.067192, 40.714901], [-74.0671, 40.714847], [-74.067257, 40.714637], [-74.067397, 40.714414], [-74.067774, 40.713815], [-74.068884, 40.712117], [-74.06892, 40.712061], [-74.069215, 40.711648], [-74.069717, 40.711073], [-74.069908, 40.710898], [-74.070145, 40.710682], [-74.070661, 40.710374], [-74.071051, 40.710142], [-74.071273, 40.709948], [-74.071474, 40.709706], [-74.071576, 40.709583], [-74.071669, 40.709465], [-74.07242, 40.708507], [-74.072432, 40.708491], [-74.072786, 40.707696], [-74.07329, 40.706634], [-74.074294, 40.706948], [-74.075316, 40.707271], [-74.076357, 40.707594], [-74.07734, 40.707902], [-74.07694, 40.708642]]]]}";+40.7112774;45;S;-074.0724572;Census Tract 45;34017004500;0;40894;017;G5020;004500;34;388078
40.7399427639,-74.062386038;"{""type"": ""MultiPolygon"", ""coordinates"": [[[[-74.066463, 40.736345], [-74.066409, 40.736458], [-74.066122, 40.737143], [-74.066014, 40.737402], [-74.065713, 40.73812], [-74.065387, 40.738896], [-74.065301, 40.739085], [-74.065465, 40.739229], [-74.065143, 40.739602], [-74.064115, 40.740602], [-74.064075, 40.740643], [-74.063602, 40.741309], [-74.06378, 40.741675], [-74.063874, 40.74194], [-74.063989, 40.742413], [-74.064126, 40.743159], [-74.064189, 40.743854], [-74.06424, 40.744743], [-74.064235, 40.745132], [-74.064224, 40.746106], [-74.064221, 40.746374], [-74.064219, 40.746557], [-74.064168, 40.747077], [-74.064127, 40.747432], [-74.06404, 40.747728], [-74.064016, 40.747794], [-74.063899, 40.747803], [-74.063149, 40.747451], [-74.061807, 40.746927], [-74.061884, 40.746776], [-74.062066, 40.746246], [-74.062216, 40.74581], [-74.062323, 40.745502], [-74.060499, 40.744731], [-74.060895, 40.744155], [-74.060978, 40.744042], [-74.061426, 40.743430000000004], [-74.059704, 40.742733], [-74.060152, 40.742103], [-74.060588, 40.741493], [-74.059732, 40.741139], [-74.059906, 40.740686], [-74.060258, 40.739728], [-74.060286, 40.739651], [-74.060367, 40.739429], [-74.060383, 40.73936], [-74.058216, 40.738764], [-74.058658, 40.738344], [-74.058682, 40.738321], [-74.058744, 40.738262], [-74.05879, 40.738169], [-74.05881, 40.737517], [-74.058819, 40.737196], [-74.058825, 40.736988], [-74.058827, 40.736968], [-74.058859, 40.736649], [-74.058895, 40.736286], [-74.059007, 40.735782], [-74.059263, 40.734854], [-74.060295, 40.734986], [-74.063122, 40.73535], [-74.064489, 40.735514], [-74.064933, 40.735567], [-74.065003, 40.735575], [-74.066731, 40.735782], [-74.066463, 40.736345]]]]}";+40.7399426;9.02;S;-074.0623860;Census Tract 9.02;34017000902;0;40801;017;G5020;000902;34;521914
40.7368542552,-74.0770556834;"{""type"": ""MultiPolygon"", ""coordinates"": [[[[-74.089286, 40.738401], [-74.083061, 40.740149], [-74.081957, 40.739832], [-74.081317, 40.73966], [-74.079041, 40.739046], [-74.077773, 40.738717], [-74.076038, 40.738267], [-74.075987, 40.738254], [-74.07568, 40.738189], [-74.075512, 40.73822], [-74.075439, 40.738233], [-74.075349, 40.738249], [-74.075189, 40.738278], [-74.07492, 40.738327], [-74.073937, 40.738505], [-74.073824, 40.738525], [-74.073079, 40.73866], [-74.072218, 40.738795], [-74.071919, 40.738842], [-74.071775, 40.738864], [-74.071208, 40.738953], [-74.070629, 40.738984], [-74.069663, 40.739037], [-74.069614, 40.73904], [-74.06953, 40.739044], [-74.06855, 40.739098], [-74.068104, 40.739122], [-74.067802, 40.739134], [-74.065465, 40.739229], [-74.065301, 40.739085], [-74.065387, 40.738896], [-74.065713, 40.73812], [-74.066014, 40.737402], [-74.066122, 40.737143], [-74.066409, 40.736458], [-74.066463, 40.736345], [-74.066731, 40.735782], [-74.068144, 40.736206], [-74.069096, 40.736479], [-74.069766, 40.736671], [-74.069936, 40.73672], [-74.071453, 40.737168], [-74.07154, 40.737083], [-74.071716, 40.736911], [-74.072092, 40.736136], [-74.072413, 40.735488], [-74.072749, 40.734808], [-74.073081, 40.734137], [-74.07178, 40.733722], [-74.072155, 40.733086], [-74.072551, 40.732434], [-74.072579, 40.732389], [-74.073466, 40.732613], [-74.073761, 40.732688], [-74.074407, 40.732841], [-74.075338, 40.733063], [-74.076255, 40.733282], [-74.077193, 40.733505], [-74.078121, 40.733726], [-74.079109, 40.733963], [-74.08105, 40.734433], [-74.081132, 40.734451], [-74.084993, 40.73649], [-74.087972, 40.737961], [-74.089286, 40.738401]]]]}";+40.7369958;17.01;S;-074.0769940;Census Tract 17.01;34017001701;46831;41560;017;G5020;001701;34;767508
40.7381021133,-74.0470561479;"{""type"": ""MultiPolygon"", ""coordinates"": [[[[-74.051063, 40.73703], [-74.050924, 40.737212], [-74.050851, 40.737398], [-74.050811, 40.737745], [-74.05077, 40.738093], [-74.050747, 40.738138], [-74.050698, 40.73824], [-74.050515, 40.738434], [-74.049971, 40.739], [-74.049394, 40.739599], [-74.048826, 40.740189], [-74.048522, 40.740505], [-74.047668, 40.741847], [-74.046899, 40.741563], [-74.046067, 40.741255], [-74.04523, 40.740944999999996], [-74.044942, 40.740829], [-74.044851, 40.740804], [-74.044713, 40.740811], [-74.044615, 40.740858], [-74.044557, 40.740892], [-74.044503, 40.740906], [-74.044381, 40.740878], [-74.044387, 40.740822], [-74.045163, 40.739749], [-74.045202, 40.739681], [-74.045202, 40.739637], [-74.045152, 40.739601], [-74.045083, 40.739601], [-74.045039, 40.739637], [-74.044992, 40.739731], [-74.044945, 40.739806], [-74.044858, 40.739883], [-74.04442, 40.74022], [-74.044301, 40.740321], [-74.044199, 40.740389], [-74.044139, 40.740397], [-74.043966, 40.74036], [-74.043902, 40.740341], [-74.043723, 40.740287], [-74.043702, 40.740279], [-74.043699, 40.740237], [-74.043652, 40.740139], [-74.043548, 40.740014], [-74.043985, 40.739401], [-74.043804, 40.73846], [-74.043822, 40.738402], [-74.043922, 40.738167], [-74.044117, 40.737814], [-74.042931, 40.736251], [-74.043451, 40.736182], [-74.043788, 40.736137], [-74.04391, 40.73612], [-74.044418, 40.73603], [-74.045495, 40.735777], [-74.04576, 40.735709], [-74.046238, 40.735587], [-74.0472, 40.735341], [-74.048254, 40.735071], [-74.048534, 40.734618], [-74.048837, 40.734719], [-74.049039, 40.734819], [-74.049948, 40.735222], [-74.049857, 40.735364], [-74.049612, 40.735747], [-74.049404, 40.736074], [-74.051145, 40.736941], [-74.051063, 40.73703]]]]}";+40.7381021;13;S;-074.0470562;Census Tract 13;34017001300;0;40825;017;G5020;001300;34;325574
40.7321372169,-74.0824404554;"{""type"": ""MultiPolygon"", ""coordinates"": [[[[-74.093968, 40.735281], [-74.089286, 40.738401], [-74.087972, 40.737961], [-74.084993, 40.73649], [-74.081132, 40.734451], [-74.08105, 40.734433], [-74.079109, 40.733963], [-74.078121, 40.733726], [-74.077193, 40.733505], [-74.076255, 40.733282], [-74.075338, 40.733063], [-74.074407, 40.732841], [-74.073761, 40.732688], [-74.073466, 40.732613], [-74.072579, 40.732389], [-74.072084, 40.732264], [-74.071657, 40.732174], [-74.070681, 40.731968], [-74.071807, 40.730186], [-74.071434, 40.730036], [-74.071898, 40.729598], [-74.073874, 40.730403], [-74.07422, 40.729959], [-74.074369, 40.729762], [-74.074686, 40.729364], [-74.074868, 40.729136], [-74.075246, 40.728638], [-74.075471, 40.728335], [-74.076059, 40.72752], [-74.076175, 40.727359], [-74.076621, 40.726681], [-74.077021, 40.726056], [-74.077204, 40.725811], [-74.077293, 40.725693], [-74.07759, 40.725301], [-74.077874, 40.724938], [-74.07822, 40.724536], [-74.079193, 40.724973], [-74.080077, 40.72537], [-74.079847, 40.72574], [-74.080417, 40.726193], [-74.081886, 40.726901], [-74.081715, 40.727156], [-74.08187, 40.727226], [-74.081387, 40.727838], [-74.080828, 40.728547], [-74.080868, 40.728565], [-74.081641, 40.728913], [-74.082452, 40.729278], [-74.084128, 40.73003], [-74.085152, 40.730478], [-74.085221, 40.730507], [-74.085798, 40.730767], [-74.093487, 40.734214], [-74.093534, 40.734222], [-74.093788, 40.73424], [-74.0947, 40.73447], [-74.093968, 40.735281]]]]}";+40.7313837;27;S;-074.0786266;Census Tract 27;34017002700;61353;41350;017;G5020;002700;34;1092630
40.7281630054,-74.0694432074;"{""type"": ""MultiPolygon"", ""coordinates"": [[[[-74.07181, 40.726119], [-74.071737, 40.72616], [-74.071633, 40.726248], [-74.071564, 40.726306], [-74.071541, 40.726335], [-74.071404, 40.726514], [-74.071325, 40.726618], [-74.071209, 40.726772], [-74.070676, 40.72745], [-74.070485, 40.727692], [-74.070108, 40.728221], [-74.070051, 40.72831], [-74.069785, 40.728725], [-74.070472, 40.729016], [-74.071898, 40.729598], [-74.071434, 40.730036], [-74.071807, 40.730186], [-74.070681, 40.731968], [-74.069753, 40.731773], [-74.068815, 40.731575], [-74.067819, 40.731365], [-74.068022, 40.731066], [-74.068181, 40.730817], [-74.068503, 40.730263], [-74.068548, 40.730213], [-74.069474, 40.72921], [-74.068709, 40.728876], [-74.068149, 40.729337], [-74.067474, 40.728878], [-74.066861, 40.72846], [-74.067077, 40.727584], [-74.067186, 40.727171], [-74.067203, 40.727109], [-74.067453, 40.726448], [-74.06749, 40.726345], [-74.067669, 40.725808], [-74.067756, 40.725549], [-74.067828, 40.725474], [-74.068016, 40.725309], [-74.068044, 40.72529], [-74.068288, 40.725145], [-74.068625, 40.724984], [-74.069286, 40.7247], [-74.069627, 40.724831], [-74.070795, 40.725281], [-74.071038, 40.725374], [-74.07223, 40.725883], [-74.07181, 40.726119]]]]}";+40.7281630;29;S;-074.0694432;Census Tract 29;34017002900;0;40889;017;G5020;002900;34;204436
40.7041086916,-74.0756864996;"{""type"": ""MultiPolygon"", ""coordinates"": [[[[-74.079988, 40.704077], [-74.079453, 40.704631], [-74.078856, 40.70525], [-74.078665, 40.705448], [-74.078652, 40.705471], [-74.078438, 40.705868], [-74.078143, 40.706414], [-74.078086, 40.70652], [-74.077739, 40.707162], [-74.07734, 40.707902], [-74.076357, 40.707594], [-74.075316, 40.707271], [-74.074294, 40.706948], [-74.07329, 40.706634], [-74.073491, 40.706211], [-74.072601, 40.705515], [-74.07252, 40.705451], [-74.071815, 40.704874], [-74.071041, 40.704223999999996], [-74.070447, 40.703726], [-74.070274, 40.703575], [-74.070184, 40.703507], [-74.070128, 40.703461], [-74.070417, 40.703322], [-74.070704, 40.703187], [-74.071757, 40.702726], [-74.072488, 40.702406], [-74.074263, 40.701629], [-74.075522, 40.701015], [-74.075964, 40.700815], [-74.076244, 40.70069], [-74.07649, 40.700569], [-74.07656, 40.700529], [-74.076769, 40.700689], [-74.076899, 40.700791], [-74.077733, 40.701476], [-74.077932, 40.701361], [-74.080574, 40.70347], [-74.079988, 40.704077]]]]}";+40.7041087;53;S;-074.0756865;Census Tract 53;34017005300;0;40895;017;G5020;005300;34;385161
40.7253930247,-74.0503730511;"{""type"": ""MultiPolygon"", ""coordinates"": [[[[-74.05308, 40.726879], [-74.052821, 40.727569], [-74.051854, 40.727465], [-74.050234, 40.72733], [-74.050122, 40.728058], [-74.048448, 40.727925], [-74.048556, 40.72719], [-74.048658, 40.72649], [-74.048763, 40.725779], [-74.048798, 40.725574], [-74.048885, 40.725071], [-74.049001, 40.724394], [-74.049125, 40.723665], [-74.049214, 40.723149], [-74.049253, 40.722918], [-74.049366, 40.722259], [-74.04937, 40.722233], [-74.049372, 40.722224], [-74.04976, 40.721626], [-74.050318, 40.7218], [-74.050573, 40.721863], [-74.050777, 40.721874], [-74.051373, 40.721905], [-74.051295, 40.722032], [-74.051258, 40.722093], [-74.05101, 40.722384], [-74.051007, 40.722402], [-74.050905, 40.72305], [-74.050784, 40.723817], [-74.050699, 40.724356], [-74.050671, 40.724536], [-74.050913, 40.724554], [-74.051731, 40.725313], [-74.05178, 40.725358], [-74.052127, 40.72568], [-74.052302, 40.725841], [-74.052598, 40.726115], [-74.05317, 40.726638], [-74.05308, 40.726879]]]]}";+40.7253930;22;S;-074.0503730;Census Tract 22;34017002200;0;41349;017;G5020;002200;34;149351
40.7369135926,-74.0563237198;"{""type"": ""MultiPolygon"", ""coordinates"": [[[[-74.058825, 40.736988], [-74.058819, 40.737196], [-74.05881, 40.737517], [-74.05879, 40.738169], [-74.058744, 40.738262], [-74.058682, 40.738321], [-74.058658, 40.738344], [-74.058216, 40.738764], [-74.057756, 40.739201], [-74.057674, 40.739279], [-74.057346, 40.739115], [-74.05488, 40.737879], [-74.053216, 40.73708], [-74.053798, 40.736447], [-74.054232, 40.735951], [-74.054732, 40.735382], [-74.055253, 40.734787], [-74.055573, 40.734422], [-74.055723, 40.734251], [-74.056626, 40.735041], [-74.057759, 40.736033], [-74.058827, 40.736968], [-74.058825, 40.736988]]]]}";+40.7369136;12.01;S;-074.0563237;Census Tract 12.01;34017001201;0;41534;017;G5020;001201;34;138957
40.7497682849,-74.058457353;"{""type"": ""MultiPolygon"", ""coordinates"": [[[[-74.063928, 40.748033], [-74.063835, 40.748238], [-74.063665, 40.748517], [-74.063637, 40.748556], [-74.063456, 40.748802], [-74.063199, 40.749091], [-74.062768, 40.749509], [-74.061801, 40.750448], [-74.059364, 40.752822], [-74.057938, 40.754165], [-74.057721, 40.754066], [-74.056786, 40.753635], [-74.056662, 40.753789], [-74.056167, 40.75357], [-74.055695, 40.75325], [-74.054838, 40.752915], [-74.053991, 40.752584], [-74.053105, 40.752237], [-74.053188, 40.752168], [-74.053503, 40.751813], [-74.053603, 40.751668], [-74.054038, 40.751037], [-74.054432, 40.750435], [-74.054859, 40.749781], [-74.055344, 40.74904], [-74.055738, 40.748451], [-74.05606, 40.747969], [-74.056165, 40.747812], [-74.056554, 40.74722], [-74.057375, 40.745986], [-74.057556, 40.745712], [-74.057822, 40.74535], [-74.059593, 40.746047], [-74.060391, 40.74636], [-74.061224, 40.746699], [-74.061807, 40.746927], [-74.063149, 40.747451], [-74.063899, 40.747803], [-74.064016, 40.747794], [-74.063928, 40.748033]]]]}";+40.7497683;4;S;-074.0584574;Census Tract 4;34017000400;0;40819;017;G5020;000400;34;464436
40.7288334089,-74.0577204471;"{""type"": ""MultiPolygon"", ""coordinates"": [[[[-74.06316, 40.728089], [-74.062707, 40.728556], [-74.062673, 40.728597], [-74.062273, 40.729075], [-74.06218, 40.729185], [-74.061688, 40.729865], [-74.061257, 40.730423], [-74.061205, 40.73049], [-74.061172, 40.730533], [-74.061092, 40.730622], [-74.060902, 40.730834], [-74.060671, 40.731092], [-74.060454, 40.731281], [-74.060084, 40.731772], [-74.060036, 40.731841], [-74.059852, 40.732068], [-74.059701, 40.732345], [-74.059602, 40.7326], [-74.059449, 40.732498], [-74.058524, 40.733], [-74.058088, 40.733237], [-74.05802, 40.733275], [-74.057824, 40.733026], [-74.057402, 40.732489], [-74.056624, 40.731539], [-74.056554, 40.731456], [-74.055771, 40.730542], [-74.055588, 40.730322], [-74.055316, 40.729978], [-74.055278, 40.729909], [-74.055241, 40.729846], [-74.054909, 40.728837], [-74.054815, 40.728549], [-74.054704, 40.728213], [-74.054625, 40.728072], [-74.053966, 40.727419], [-74.05341, 40.726868], [-74.053278, 40.726737], [-74.05317, 40.726638], [-74.053337, 40.726191], [-74.053417, 40.725978], [-74.053932, 40.724603], [-74.054263, 40.723687], [-74.054362, 40.723413], [-74.054395, 40.723443], [-74.054443, 40.723493], [-74.054562, 40.723618], [-74.054711, 40.723803], [-74.054841, 40.723996], [-74.055389, 40.724775], [-74.056636, 40.726612], [-74.056983, 40.727032], [-74.057015, 40.727071], [-74.057397, 40.727462], [-74.05749, 40.727551], [-74.058301, 40.728254], [-74.058623, 40.72853], [-74.059014, 40.72896], [-74.059272, 40.729278], [-74.059389, 40.729418], [-74.059494, 40.729543], [-74.059687, 40.729426], [-74.059889, 40.729298], [-74.060011, 40.729214], [-74.060125, 40.729084], [-74.060673, 40.728375], [-74.061146, 40.727764], [-74.061211, 40.727679], [-74.06152, 40.727281], [-74.062034, 40.726603], [-74.063579, 40.727702], [-74.06316, 40.728089]]]]}";+40.7288334;71;S;-074.0577204;Census Tract 71;34017007100;0;42092;017;G5020;007100;34;338470
40.7157936217,-74.0393007992;"{""type"": ""MultiPolygon"", ""coordinates"": [[[[-74.042921, 40.714583], [-74.042796, 40.715186], [-74.042785, 40.715235], [-74.042663, 40.715827], [-74.042501, 40.716602], [-74.042361, 40.717341], [-74.042239, 40.717978], [-74.042187, 40.718236], [-74.042014, 40.718372], [-74.041864, 40.718469], [-74.041358, 40.718796], [-74.041335, 40.719002], [-74.0398, 40.71852], [-74.038836, 40.718218], [-74.037183, 40.7177], [-74.036685, 40.717565], [-74.036331, 40.717469], [-74.035868, 40.717356], [-74.035574, 40.717284], [-74.035505, 40.717274], [-74.035511, 40.71725], [-74.035602, 40.716871], [-74.035701, 40.716671], [-74.035869, 40.715827], [-74.036014, 40.7151], [-74.036148, 40.714429], [-74.036307, 40.713631], [-74.036449, 40.712916], [-74.038142, 40.713108], [-74.039834, 40.713308], [-74.041434, 40.713474], [-74.041451, 40.713546], [-74.041467, 40.713474], [-74.041599, 40.713558], [-74.041685, 40.713663], [-74.041744, 40.713758], [-74.042051, 40.714137], [-74.042196, 40.714232], [-74.042413, 40.714327], [-74.042688, 40.714384], [-74.042957, 40.714412], [-74.042921, 40.714583]]]]}";+40.7157936;75;S;-074.0393008;Census Tract 75;34017007500;0;42087;017;G5020;007500;34;302165
40.7408151919,-74.0543690572;"{""type"": ""MultiPolygon"", ""coordinates"": [[[[-74.060978, 40.744042], [-74.059254, 40.743366], [-74.059287, 40.74332], [-74.057092, 40.742448], [-74.056602, 40.743138], [-74.056119, 40.743819], [-74.055705, 40.744402], [-74.055715, 40.74449], [-74.053943, 40.743768], [-74.051564, 40.742802], [-74.051216, 40.743299], [-74.050234, 40.742893], [-74.049386, 40.742542], [-74.048518, 40.742162], [-74.047668, 40.741847], [-74.048522, 40.740505], [-74.048826, 40.740189], [-74.049394, 40.739599], [-74.049971, 40.739], [-74.050515, 40.738434], [-74.050698, 40.73824], [-74.050747, 40.738138], [-74.05077, 40.738093], [-74.050811, 40.737745], [-74.050851, 40.737398], [-74.050924, 40.737212], [-74.051063, 40.73703], [-74.051145, 40.736941], [-74.052653, 40.737691], [-74.053216, 40.73708], [-74.05488, 40.737879], [-74.057346, 40.739115], [-74.057674, 40.739279], [-74.057756, 40.739201], [-74.058216, 40.738764], [-74.060383, 40.73936], [-74.060367, 40.739429], [-74.060286, 40.739651], [-74.060258, 40.739728], [-74.059906, 40.740686], [-74.059732, 40.741139], [-74.060588, 40.741493], [-74.060152, 40.742103], [-74.059704, 40.742733], [-74.061426, 40.743430000000004], [-74.060978, 40.744042]]]]}";+40.7407443;11;S;-074.0570973;Census Tract 11;34017001100;47560;40823;017;G5020;001100;34;493091
40.7224178544,-74.0431913906;"{""type"": ""MultiPolygon"", ""coordinates"": [[[[-74.046376, 40.721227], [-74.046156, 40.721618], [-74.046058, 40.721937], [-74.045843, 40.722638], [-74.045834, 40.722666], [-74.045737, 40.72336], [-74.045626, 40.724107], [-74.043945, 40.723938], [-74.043839, 40.724629], [-74.043758, 40.725176], [-74.043737, 40.725336], [-74.043643, 40.726055], [-74.042007, 40.725913], [-74.042105, 40.725193], [-74.040457, 40.725056], [-74.0405, 40.724788], [-74.040516, 40.724691], [-74.040592, 40.72423], [-74.040693, 40.723615], [-74.040762, 40.723199], [-74.040808, 40.722923], [-74.040922, 40.722245], [-74.041022, 40.721518], [-74.041121, 40.720794], [-74.041218, 40.720084], [-74.041248, 40.719805], [-74.041335, 40.719002], [-74.04182, 40.719153], [-74.042967, 40.71951], [-74.045124, 40.720182], [-74.046689, 40.720669], [-74.046376, 40.721227]]]]}";+40.7224178;70;S;-074.0431914;Census Tract 70;34017007000;0;42065;017;G5020;007000;34;251925
40.7107530578,-74.0793285457;"{""type"": ""MultiPolygon"", ""coordinates"": [[[[-74.083415, 40.710691], [-74.082954, 40.711284], [-74.082816, 40.711461], [-74.082503, 40.711865], [-74.082291, 40.712137], [-74.082067, 40.712426], [-74.081807, 40.712759], [-74.081645, 40.712968], [-74.081517, 40.713133], [-74.081362, 40.713334], [-74.080792, 40.714012], [-74.080519, 40.714338], [-74.080229, 40.714645], [-74.077033, 40.712959], [-74.07511, 40.711945], [-74.075304, 40.711724], [-74.075416, 40.711512], [-74.075689, 40.710998000000004], [-74.07616, 40.710107], [-74.076361, 40.709728], [-74.076504, 40.709458], [-74.07694, 40.708642], [-74.07734, 40.707902], [-74.077739, 40.707162], [-74.078086, 40.70652], [-74.081484, 40.708731], [-74.083778, 40.710224], [-74.083415, 40.710691]]]]}";+40.7107530;68;S;-074.0793285;Census Tract 68;34017006800;0;42058;017;G5020;006800;34;348015
